JournalID,PostingDate,EntityID,AccountID,DeptID,Debit,Credit
J0000776,2024-01-01,UK01,40200,D10,0.00,2050.43
J0000778,2024-01-01,UK01,40200,D10,0.00,2377.50
J0000786,2024-01-01,UK01,50200,D20,2728.41,0.00
J0000024,2024-01-01,US01,60300,D10,1006.45,0.00
J0002335,2024-01-02,MX01,70200,D30,0.00,1306.85
J0002336,2024-01-02,MX01,70200,D30,0.00,1885.63
J0000012,2024-01-02,US01,40200,D10,0.00,5038.99
J0002322,2024-01-03,MX01,50200,D20,62458.11,0.00
J0000782,2024-01-03,UK01,50100,D20,8140.76,0.00
J0000790,2024-01-03,UK01,60200,D20,1327.98,0.00
J0000795,2024-01-03,UK01,60500,D50,996.23,0.00
J0000002,2024-01-03,US01,40100,D10,0.00,15968.37
J0000010,2024-01-03,US01,40200,D10,0.00,4276.58
J0000028,2024-01-03,US01,60500,D50,2318.26,0.00
J0001560,2024-01-04,CA01,60300,D10,1054.00,0.00
J0000797,2024-01-04,UK01,70100,D30,217.62,0.00
J0000018,2024-01-04,US01,50200,D20,4368.53,0.00
J0000777,2024-01-05,UK01,40200,D10,0.00,2152.31
J0000785,2024-01-05,UK01,50200,D20,2587.19,0.00
J0000009,2024-01-05,US01,40200,D10,0.00,4441.93
J0001561,2024-01-06,CA01,60400,D40,1232.66,0.00
J0000780,2024-01-06,UK01,40200,D10,0.00,1887.42
J0000789,2024-01-06,UK01,60200,D20,1563.35,0.00
J0000003,2024-01-06,US01,40100,D10,0.00,12695.56
J0000031,2024-01-06,US01,70200,D30,0.00,187.92
J0001566,2024-01-07,CA01,70100,D30,265.36,0.00
J0002314,2024-01-07,MX01,40200,D10,0.00,47546.89
J0002331,2024-01-07,MX01,60500,D50,22185.07,0.00
J0000769,2024-01-07,UK01,40100,D10,0.00,5490.87
J0000793,2024-01-07,UK01,60400,D40,872.95,0.00
J0000794,2024-01-07,UK01,60400,D40,837.50,0.00
J0000023,2024-01-07,US01,60300,D10,1339.65,0.00
J0001555,2024-01-08,CA01,60100,D50,6016.50,0.00
J0002309,2024-01-08,MX01,40100,D10,0.00,140072.12
J0002325,2024-01-08,MX01,60200,D20,31777.54,0.00
J0000026,2024-01-08,US01,60400,D40,1706.76,0.00
J0001551,2024-01-09,CA01,50100,D20,11958.51,0.00
J0002317,2024-01-09,MX01,50100,D20,171432.89,0.00
J0000775,2024-01-09,UK01,40200,D10,0.00,2414.78
J0000030,2024-01-09,US01,70100,D30,453.75,0.00
J0000791,2024-01-10,UK01,60300,D10,584.56,0.00
J0000007,2024-01-10,US01,40200,D10,0.00,6021.99
J0001552,2024-01-11,CA01,50200,D20,4013.30,0.00
J0001557,2024-01-11,CA01,60200,D20,2993.10,0.00
J0001568,2024-01-11,CA01,70200,D30,0.00,131.96
J0002312,2024-01-11,MX01,40200,D10,0.00,55817.23
J0002319,2024-01-11,MX01,50100,D20,182545.36,0.00
J0002320,2024-01-11,MX01,50200,D20,56176.36,0.00
J0000770,2024-01-11,UK01,40100,D10,0.00,6854.83
J0001563,2024-01-12,CA01,60500,D50,1626.61,0.00
J0002333,2024-01-12,MX01,70100,D30,4840.21,0.00
J0001559,2024-01-13,CA01,60300,D10,1007.44,0.00
J0002318,2024-01-13,MX01,50100,D20,185495.85,0.00
J0002334,2024-01-13,MX01,70100,D30,4285.03,0.00
J0001558,2024-01-14,CA01,60200,D20,2682.26,0.00
J0001564,2024-01-14,CA01,60500,D50,1755.59,0.00
J0002306,2024-01-14,MX01,40100,D10,0.00,130125.34
J0000773,2024-01-14,UK01,40100,D10,0.00,4924.64
J0000787,2024-01-14,UK01,60100,D40,4388.95,0.00
J0000015,2024-01-14,US01,50100,D20,13070.09,0.00
J0001548,2024-01-15,CA01,40200,D10,0.00,3094.63
J0000013,2024-01-15,US01,50100,D20,14607.55,0.00
J0002324,2024-01-16,MX01,60100,D40,121480.74,0.00
J0001550,2024-01-17,CA01,50100,D20,12052.67,0.00
J0001567,2024-01-17,CA01,70200,D30,0.00,99.16
J0002311,2024-01-17,MX01,40200,D10,0.00,40410.96
J0000772,2024-01-17,UK01,40100,D10,0.00,6287.74
J0000027,2024-01-17,US01,60500,D50,2107.54,0.00
J0001538,2024-01-18,CA01,40100,D10,0.00,9153.47
J0001544,2024-01-18,CA01,40200,D10,0.00,3347.36
J0001553,2024-01-18,CA01,50200,D20,4880.13,0.00
J0001562,2024-01-18,CA01,60400,D40,1601.83,0.00
J0000783,2024-01-18,UK01,50100,D20,7001.31,0.00
J0000016,2024-01-18,US01,50200,D20,5898.30,0.00
J0001546,2024-01-19,CA01,40200,D10,0.00,3784.84
J0002307,2024-01-19,MX01,40100,D10,0.00,151095.39
J0002310,2024-01-19,MX01,40100,D10,0.00,122266.69
J0002330,2024-01-19,MX01,60400,D40,20859.17,0.00
J0000025,2024-01-19,US01,60400,D40,1957.77,0.00
J0001547,2024-01-20,CA01,40200,D10,0.00,4168.40
J0001545,2024-01-21,CA01,40200,D10,0.00,4398.37
J0000784,2024-01-21,UK01,50200,D20,2609.42,0.00
J0000792,2024-01-21,UK01,60300,D10,474.48,0.00
J0000796,2024-01-21,UK01,60500,D50,926.66,0.00
J0000798,2024-01-21,UK01,70100,D30,149.29,0.00
J0000022,2024-01-21,US01,60200,D20,3224.58,0.00
J0001556,2024-01-22,CA01,60100,D50,6418.14,0.00
J0002321,2024-01-22,MX01,50200,D20,47703.54,0.00
J0002332,2024-01-22,MX01,60500,D50,23589.66,0.00
J0000006,2024-01-22,US01,40100,D10,0.00,16789.54
J0000014,2024-01-22,US01,50100,D20,17799.05,0.00
J0000019,2024-01-22,US01,60100,D40,8811.33,0.00
J0000032,2024-01-22,US01,70200,D30,19.80,0.00
J0001537,2024-01-23,CA01,40100,D10,0.00,11462.43
J0001541,2024-01-23,CA01,40100,D10,898.57,0.00
J0001549,2024-01-23,CA01,50100,D20,12146.94,0.00
J0000781,2024-01-23,UK01,50100,D20,6528.79,0.00
J0000001,2024-01-23,US01,40100,D10,0.00,12154.70
J0000017,2024-01-23,US01,50200,D20,6169.58,0.00
J0000021,2024-01-23,US01,60200,D20,3108.42,0.00
J0002313,2024-01-24,MX01,40200,D10,0.00,46016.28
J0002315,2024-01-24,MX01,40200,D10,0.00,52593.08
J0000774,2024-01-24,UK01,40100,D10,0.00,4335.77
J0000011,2024-01-24,US01,40200,D10,0.00,5006.27
J0000020,2024-01-24,US01,60100,D10,10069.52,0.00
J0002308,2024-01-25,MX01,40100,D10,0.00,147690.43
J0002316,2024-01-25,MX01,40200,D10,0.00,58160.72
J0000779,2024-01-25,UK01,40200,D10,0.00,2698.31
J0000004,2024-01-25,US01,40100,D10,0.00,14727.30
J0001539,2024-01-26,CA01,40100,D10,0.00,11776.74
J0001540,2024-01-26,CA01,40100,D10,0.00,9351.84
J0001542,2024-01-26,CA01,40100,D10,0.00,8720.57
J0002305,2024-01-26,MX01,40100,D10,0.00,156552.35
J0002323,2024-01-26,MX01,60100,D40,118234.68,0.00
J0002329,2024-01-26,MX01,60400,D40,20851.26,0.00
J0000771,2024-01-26,UK01,40100,D10,0.00,7021.05
J0000799,2024-01-26,UK01,70200,D30,0.00,60.66
J0001554,2024-01-27,CA01,50200,D20,4337.80,0.00
J0001565,2024-01-27,CA01,70100,D30,275.06,0.00
J0002326,2024-01-27,MX01,60200,D20,25746.52,0.00
J0002328,2024-01-27,MX01,60300,D10,10243.59,0.00
J0000788,2024-01-27,UK01,60100,D50,3907.87,0.00
J0000800,2024-01-27,UK01,70200,D30,0.00,88.97
J0000005,2024-01-27,US01,40100,D10,0.00,15151.25
J0000008,2024-01-27,US01,40200,D10,0.00,6058.00
J0001543,2024-01-28,CA01,40200,D10,0.00,3847.55
J0002327,2024-01-28,MX01,60300,D10,9034.11,0.00
J0000029,2024-01-28,US01,70100,D30,367.28,0.00
J0001592,2024-02-01,CA01,60300,D10,903.49,0.00
J0001596,2024-02-01,CA01,60500,D50,1959.00,0.00
J0001599,2024-02-01,CA01,70200,D30,0.00,112.32
J0000814,2024-02-01,UK01,50100,D20,8223.08,0.00
J0001572,2024-02-02,CA01,40100,D10,0.00,9227.75
J0001581,2024-02-02,CA01,50100,D20,10666.19,0.00
J0002337,2024-02-02,MX01,40100,D10,0.00,121823.80
J0002349,2024-02-02,MX01,50100,D20,118911.28,0.00
J0002367,2024-02-02,MX01,70200,D30,0.00,1763.97
J0000048,2024-02-02,US01,50200,D20,5811.99,0.00
J0000062,2024-02-02,US01,70100,D30,444.27,0.00
J0001574,2024-02-03,CA01,40100,D10,0.00,8206.44
J0001580,2024-02-03,CA01,40200,D10,0.00,3878.70
J0001588,2024-02-03,CA01,60100,D50,9341.94,0.00
J0002345,2024-02-03,MX01,40200,D10,5219.84,0.00
J0002351,2024-02-03,MX01,50100,D20,173243.32,0.00
J0002357,2024-02-03,MX01,60200,D20,24744.16,0.00
J0000831,2024-02-03,UK01,70200,D30,0.00,63.45
J0000035,2024-02-03,US01,40100,D10,0.00,12540.02
J0002355,2024-02-04,MX01,60100,D40,84337.51,0.00
J0002356,2024-02-04,MX01,60100,D30,110034.03,0.00
J0002359,2024-02-04,MX01,60300,D10,10266.23,0.00
J0000805,2024-02-04,UK01,40100,D10,0.00,4412.80
J0000808,2024-02-04,UK01,40200,D10,0.00,2410.90
J0000822,2024-02-04,UK01,60200,D20,1485.18,0.00
J0000052,2024-02-04,US01,60100,D40,8230.03,0.00
J0002365,2024-02-05,MX01,70100,D30,4851.18,0.00
J0000821,2024-02-05,UK01,60200,D20,1245.32,0.00
J0000054,2024-02-05,US01,60200,D20,3112.48,0.00
J0001595,2024-02-06,CA01,60500,D50,1244.33,0.00
J0000823,2024-02-06,UK01,60300,D10,551.62,0.00
J0001584,2024-02-07,CA01,50200,D20,4038.43,0.00
J0000801,2024-02-07,UK01,40100,D10,0.00,5020.55
J0000806,2024-02-07,UK01,40100,D10,0.00,5507.98
J0000810,2024-02-07,UK01,40200,D10,0.00,1684.51
J0000045,2024-02-07,US01,50100,D20,14613.22,0.00
J0001586,2024-02-08,CA01,50200,D20,3003.97,0.00
J0001589,2024-02-09,CA01,60200,D20,2284.73,0.00
J0002339,2024-02-09,MX01,40100,D10,0.00,144261.27
J0002366,2024-02-09,MX01,70100,D30,3576.03,0.00
J0000811,2024-02-09,UK01,40200,D10,0.00,2018.53
J0000040,2024-02-10,US01,40200,D10,0.00,4814.81
J0001590,2024-02-11,CA01,60200,D20,2486.88,0.00
J0001597,2024-02-11,CA01,70100,D30,366.19,0.00
J0002342,2024-02-11,MX01,40100,D10,0.00,161551.23
J0002360,2024-02-11,MX01,60300,D10,11206.38,0.00
J0002363,2024-02-11,MX01,60500,D50,20858.90,0.00
J0000828,2024-02-11,UK01,60500,D50,962.82,0.00
J0000033,2024-02-11,US01,40100,D10,0.00,13894.32
J0000034,2024-02-11,US01,40100,D10,0.00,13576.40
J0001570,2024-02-12,CA01,40100,D10,0.00,12232.90
J0001573,2024-02-12,CA01,40100,D10,0.00,9964.34
J0002348,2024-02-12,MX01,40200,D10,0.00,41070.53
J0000059,2024-02-12,US01,60500,D50,0.00,195.20
J0001582,2024-02-13,CA01,50100,D20,12625.34,0.00
J0002346,2024-02-13,MX01,40200,D10,0.00,43827.33
J0000819,2024-02-13,UK01,60100,D30,3939.88,0.00
J0000820,2024-02-13,UK01,60100,D20,3935.73,0.00
J0000824,2024-02-13,UK01,60300,D10,442.35,0.00
J0000049,2024-02-13,US01,50200,D20,5742.55,0.00
J0000803,2024-02-14,UK01,40100,D10,0.00,4491.71
J0000036,2024-02-14,US01,40100,D10,0.00,13945.16
J0001575,2024-02-15,CA01,40200,D10,0.00,4636.76
J0001576,2024-02-15,CA01,40200,D10,0.00,4446.41
J0002340,2024-02-15,MX01,40100,D10,0.00,143124.22
J0000809,2024-02-15,UK01,40200,D10,0.00,2277.23
J0000047,2024-02-15,US01,50100,D20,15682.74,0.00
J0001587,2024-02-16,CA01,60100,D40,6788.02,0.00
J0000043,2024-02-16,US01,40200,D10,0.00,6410.92
J0001578,2024-02-17,CA01,40200,D10,0.00,3036.50
J0002343,2024-02-17,MX01,40200,D10,0.00,60978.60
J0002352,2024-02-17,MX01,50200,D20,46281.98,0.00
J0002368,2024-02-17,MX01,70200,D30,0.00,1545.79
J0000807,2024-02-17,UK01,40200,D10,227.48,0.00
J0000818,2024-02-17,UK01,50200,D20,2555.88,0.00
J0000063,2024-02-17,US01,70200,D30,0.00,192.28
J0001569,2024-02-18,CA01,40100,D10,0.00,10128.38
J0001579,2024-02-18,CA01,40200,D10,0.00,3166.94
J0002344,2024-02-18,MX01,40200,D10,0.00,47230.09
J0000817,2024-02-18,UK01,50200,D20,2141.58,0.00
J0000832,2024-02-18,UK01,70200,D30,0.00,64.64
J0001583,2024-02-19,CA01,50100,D20,9890.75,0.00
J0002364,2024-02-19,MX01,60500,D50,17117.07,0.00
J0000038,2024-02-19,US01,40100,D10,1591.05,0.00
J0000050,2024-02-19,US01,50200,D20,5332.28,0.00
J0000061,2024-02-19,US01,70100,D30,531.82,0.00
J0002341,2024-02-20,MX01,40100,D10,0.00,105984.35
J0002358,2024-02-20,MX01,60200,D20,27221.43,0.00
J0000827,2024-02-20,UK01,60500,D50,680.00,0.00
J0000829,2024-02-20,UK01,70100,D30,213.55,0.00
J0000046,2024-02-20,US01,50100,D20,15674.25,0.00
J0000813,2024-02-21,UK01,50100,D20,6235.34,0.00
J0000815,2024-02-21,UK01,50100,D20,5987.83,0.00
J0000830,2024-02-21,UK01,70100,D30,156.86,0.00
J0000055,2024-02-21,US01,60300,D10,1096.44,0.00
J0000057,2024-02-21,US01,60400,D40,1488.28,0.00
J0000058,2024-02-21,US01,60400,D40,1965.15,0.00
J0002347,2024-02-22,MX01,40200,D10,0.00,49388.90
J0002353,2024-02-22,MX01,50200,D20,38764.65,0.00
J0000816,2024-02-22,UK01,50200,D20,2025.68,0.00
J0000039,2024-02-22,US01,40200,D10,0.00,4596.67
J0000060,2024-02-22,US01,60500,D50,2094.02,0.00
J0001593,2024-02-23,CA01,60400,D40,1538.35,0.00
J0001594,2024-02-23,CA01,60400,D40,1587.04,0.00
J0002350,2024-02-23,MX01,50100,D20,151204.48,0.00
J0002362,2024-02-23,MX01,60400,D40,15780.03,0.00
J0001577,2024-02-24,CA01,40200,D10,0.00,3736.40
J0000804,2024-02-24,UK01,40100,D10,0.00,6543.24
J0000825,2024-02-24,UK01,60400,D40,629.29,0.00
J0000826,2024-02-24,UK01,60400,D40,834.17,0.00
J0000051,2024-02-24,US01,60100,D10,9946.13,0.00
J0000053,2024-02-24,US01,60200,D20,3983.70,0.00
J0001571,2024-02-25,CA01,40100,D10,0.00,7998.65
J0000802,2024-02-25,UK01,40100,D10,0.00,4558.79
J0000044,2024-02-25,US01,40200,D10,0.00,5991.02
J0001585,2024-02-26,CA01,50200,D20,4259.16,0.00
J0001600,2024-02-26,CA01,70200,D30,0.00,155.71
J0002361,2024-02-26,MX01,60400,D40,16297.79,0.00
J0000041,2024-02-26,US01,40200,D10,0.00,5735.85
J0000064,2024-02-26,US01,70200,D30,0.00,159.33
J0002354,2024-02-27,MX01,50200,D20,58010.05,0.00
J0000042,2024-02-27,US01,40200,D10,0.00,5140.87
J0000056,2024-02-27,US01,60300,D10,1103.22,0.00
J0001591,2024-02-28,CA01,60300,D10,962.40,0.00
J0001598,2024-02-28,CA01,70100,D30,294.84,0.00
J0002338,2024-02-28,MX01,40100,D10,0.00,134131.86
J0000812,2024-02-28,UK01,40200,D10,0.00,1920.00
J0000037,2024-02-28,US01,40100,D10,0.00,11499.77
J0002373,2024-03-01,MX01,40100,D10,0.00,160446.42
J0002394,2024-03-01,MX01,60400,D40,16544.08,0.00
J0000860,2024-03-01,UK01,60500,D50,994.65,0.00
J0000074,2024-03-01,US01,40200,D10,0.00,6256.77
J0002379,2024-03-02,MX01,40200,D10,0.00,42234.02
J0001625,2024-03-03,CA01,60400,D40,1770.56,0.00
J0002380,2024-03-03,MX01,40200,D10,0.00,57583.16
J0000844,2024-03-03,UK01,40200,D10,0.00,2183.54
J0000847,2024-03-03,UK01,50100,D20,5990.28,0.00
J0001603,2024-03-04,CA01,40100,D10,0.00,11589.32
J0000067,2024-03-04,US01,40100,D10,0.00,11813.71
J0000096,2024-03-04,US01,70200,D30,0.00,173.27
J0001613,2024-03-05,CA01,50100,D20,8835.64,0.00
J0002381,2024-03-05,MX01,50100,D20,124609.07,0.00
J0002386,2024-03-05,MX01,50200,D20,52723.33,0.00
J0000073,2024-03-05,US01,40200,D10,0.00,5075.23
J0000077,2024-03-05,US01,50100,D20,16948.53,0.00
J0000089,2024-03-05,US01,60400,D40,1503.80,0.00
J0001606,2024-03-06,CA01,40100,D10,0.00,8786.06
J0002388,2024-03-06,MX01,60100,D50,117706.37,0.00
J0002390,2024-03-06,MX01,60200,D20,34020.14,0.00
J0000851,2024-03-06,UK01,60100,D20,4327.62,0.00
J0000080,2024-03-06,US01,50200,D20,0.00,643.87
J0000094,2024-03-06,US01,70100,D30,438.50,0.00
J0001614,2024-03-07,CA01,50100,D20,12020.68,0.00
J0001616,2024-03-07,CA01,50200,D20,4824.91,0.00
J0001624,2024-03-07,CA01,60300,D10,688.63,0.00
J0000843,2024-03-07,UK01,40200,D10,0.00,2592.48
J0000854,2024-03-07,UK01,60200,D20,1644.30,0.00
J0000069,2024-03-07,US01,40100,D10,0.00,16653.14
J0000072,2024-03-07,US01,40200,D10,0.00,4881.53
J0000081,2024-03-07,US01,50200,D20,4858.74,0.00
J0000086,2024-03-07,US01,60200,D20,3060.22,0.00
J0002372,2024-03-09,MX01,40100,D10,0.00,122195.87
J0000848,2024-03-09,UK01,50200,D20,2638.60,0.00
J0000858,2024-03-09,UK01,60400,D40,661.13,0.00
J0000088,2024-03-09,US01,60300,D10,1050.99,0.00
J0000091,2024-03-09,US01,60500,D50,1575.46,0.00
J0001605,2024-03-10,CA01,40100,D10,0.00,8479.60
J0001621,2024-03-10,CA01,60200,D20,2357.06,0.00
J0002369,2024-03-10,MX01,40100,D10,0.00,103863.79
J0000840,2024-03-10,UK01,40200,D10,0.00,2102.27
J0000855,2024-03-10,UK01,60300,D10,463.63,0.00
J0000070,2024-03-10,US01,40100,D10,0.00,10527.15
J0000093,2024-03-10,US01,70100,D30,339.09,0.00
J0001601,2024-03-11,CA01,40100,D10,0.00,8232.44
J0001622,2024-03-11,CA01,60200,D20,2413.65,0.00
J0002377,2024-03-11,MX01,40200,D10,0.00,53086.00
J0002383,2024-03-11,MX01,50100,D20,119119.90,0.00
J0002384,2024-03-11,MX01,50200,D20,51179.80,0.00
J0002389,2024-03-11,MX01,60200,D20,28476.72,0.00
J0000852,2024-03-11,UK01,60100,D40,5272.17,0.00
J0001619,2024-03-12,CA01,60100,D30,9737.18,0.00
J0002370,2024-03-12,MX01,40100,D10,0.00,112463.27
J0002392,2024-03-12,MX01,60300,D10,9746.23,0.00
J0000076,2024-03-12,US01,40200,D10,0.00,4216.62
J0000092,2024-03-12,US01,60500,D50,1642.82,0.00
J0001615,2024-03-13,CA01,50100,D20,8876.73,0.00
J0002378,2024-03-13,MX01,40200,D10,0.00,54276.49
J0000836,2024-03-13,UK01,40100,D10,0.00,5606.92
J0000862,2024-03-13,UK01,70100,D30,216.48,0.00
J0000857,2024-03-14,UK01,60400,D40,965.57,0.00
J0000859,2024-03-14,UK01,60500,D50,1095.37,0.00
J0000095,2024-03-14,US01,70200,D30,0.00,147.46
J0002391,2024-03-15,MX01,60300,D10,10360.36,0.00
J0000841,2024-03-15,UK01,40200,D10,0.00,1822.52
J0000850,2024-03-15,UK01,50200,D20,1707.04,0.00
J0000861,2024-03-15,UK01,70100,D30,208.03,0.00
J0002400,2024-03-16,MX01,70200,D30,0.00,1582.85
J0000078,2024-03-16,US01,50100,D20,12159.56,0.00
J0001618,2024-03-17,CA01,50200,D20,4098.85,0.00
J0002393,2024-03-17,MX01,60400,D40,22434.64,0.00
J0000853,2024-03-17,UK01,60200,D20,1301.05,0.00
J0001608,2024-03-18,CA01,40200,D10,0.00,4201.31
J0001609,2024-03-18,CA01,40200,D10,0.00,4313.43
J0000845,2024-03-18,UK01,50100,D20,6036.02,0.00
J0000849,2024-03-18,UK01,50200,D20,1990.37,0.00
J0000856,2024-03-18,UK01,60300,D10,567.88,0.00
J0000071,2024-03-18,US01,40200,D10,0.00,6020.14
J0001623,2024-03-19,CA01,60300,D10,1043.26,0.00
J0001626,2024-03-19,CA01,60400,D40,1648.11,0.00
J0000834,2024-03-19,UK01,40100,D10,0.00,5110.22
J0000864,2024-03-19,UK01,70200,D30,0.00,58.78
J0001629,2024-03-20,CA01,70100,D30,373.01,0.00
J0002399,2024-03-20,MX01,70200,D30,0.00,1608.71
J0000084,2024-03-20,US01,60100,D50,10187.27,0.00
J0000085,2024-03-20,US01,60200,D20,4006.93,0.00
J0000087,2024-03-20,US01,60300,D10,1375.44,0.00
J0001602,2024-03-21,CA01,40100,D10,0.00,11223.34
J0001617,2024-03-21,CA01,50200,D20,3988.36,0.00
J0002385,2024-03-21,MX01,50200,D20,58481.14,0.00
J0002396,2024-03-21,MX01,60500,D50,19474.59,0.00
J0000838,2024-03-21,UK01,40100,D10,0.00,6485.60
J0000846,2024-03-21,UK01,50100,D20,5275.86,0.00
J0001607,2024-03-22,CA01,40200,D10,0.00,4219.81
J0001620,2024-03-22,CA01,60100,D40,7762.39,0.00
J0001630,2024-03-22,CA01,70100,D30,332.89,0.00
J0002375,2024-03-22,MX01,40200,D10,0.00,51078.17
J0000833,2024-03-22,UK01,40100,D10,0.00,7080.20
J0000835,2024-03-22,UK01,40100,D10,0.00,4470.12
J0000839,2024-03-22,UK01,40200,D10,0.00,1633.80
J0000075,2024-03-22,US01,40200,D10,0.00,6303.88
J0000079,2024-03-22,US01,50100,D20,0.00,1499.30
J0002387,2024-03-23,MX01,60100,D40,91051.45,0.00
J0000837,2024-03-23,UK01,40100,D10,0.00,4722.02
J0000863,2024-03-23,UK01,70200,D30,0.00,75.72
J0000083,2024-03-23,US01,60100,D40,9671.83,0.00
J0001604,2024-03-24,CA01,40100,D10,0.00,9356.28
J0001628,2024-03-24,CA01,60500,D50,1518.38,0.00
J0000066,2024-03-24,US01,40100,D10,0.00,11486.59
J0000082,2024-03-24,US01,50200,D20,5196.49,0.00
J0000090,2024-03-24,US01,60400,D40,2295.40,0.00
J0002376,2024-03-25,MX01,40200,D10,0.00,57476.78
J0000065,2024-03-25,US01,40100,D10,0.00,16209.79
J0001612,2024-03-26,CA01,40200,D10,0.00,3592.10
J0001632,2024-03-26,CA01,70200,D30,0.00,115.95
J0002397,2024-03-26,MX01,70100,D30,5077.75,0.00
J0000068,2024-03-26,US01,40100,D10,0.00,15349.18
J0001627,2024-03-27,CA01,60500,D50,0.00,144.50
J0002371,2024-03-27,MX01,40100,D10,0.00,145569.78
J0001610,2024-03-28,CA01,40200,D10,0.00,3927.66
J0001611,2024-03-28,CA01,40200,D10,0.00,3343.41
J0001631,2024-03-28,CA01,70200,D30,0.00,106.14
J0002374,2024-03-28,MX01,40100,D10,0.00,106734.18
J0002382,2024-03-28,MX01,50100,D20,157825.20,0.00
J0002395,2024-03-28,MX01,60500,D50,15411.74,0.00
J0002398,2024-03-28,MX01,70100,D30,4550.35,0.00
J0000842,2024-03-28,UK01,40200,D10,0.00,1678.08
J0001639,2024-04-01,CA01,40200,D10,0.00,4457.98
J0001644,2024-04-01,CA01,40200,D10,0.00,3890.70
J0001658,2024-04-01,CA01,60400,D40,1126.63,0.00
J0002414,2024-04-01,MX01,50100,D20,117113.32,0.00
J0000885,2024-04-01,UK01,60200,D20,1067.37,0.00
J0000891,2024-04-01,UK01,60500,D50,672.97,0.00
J0000109,2024-04-01,US01,50100,D20,13105.63,0.00
J0000127,2024-04-01,US01,70200,D30,0.00,166.08
J0001634,2024-04-02,CA01,40100,D10,0.00,12719.42
J0001656,2024-04-02,CA01,60300,D10,0.00,97.83
J0002405,2024-04-02,MX01,40100,D10,0.00,143918.53
J0002406,2024-04-02,MX01,40100,D10,0.00,118019.83
J0002417,2024-04-02,MX01,50200,D20,53834.80,0.00
J0000873,2024-04-02,UK01,40200,D10,0.00,1714.99
J0000893,2024-04-02,UK01,70100,D30,198.38,0.00
J0000125,2024-04-02,US01,70100,D30,344.15,0.00
J0001640,2024-04-03,CA01,40200,D10,0.00,4581.46
J0002402,2024-04-03,MX01,40100,D10,0.00,125647.57
J0002408,2024-04-03,MX01,40200,D10,0.00,59035.82
J0002427,2024-04-03,MX01,60500,D50,16938.70,0.00
J0000865,2024-04-03,UK01,40100,D10,0.00,6418.50
J0000895,2024-04-03,UK01,70200,D30,0.00,74.06
J0000123,2024-04-03,US01,60500,D50,1968.98,0.00
J0000126,2024-04-03,US01,70100,D30,501.74,0.00
J0000867,2024-04-04,UK01,40100,D10,0.00,6896.66
J0000876,2024-04-04,UK01,40200,D10,0.00,2663.50
J0000894,2024-04-04,UK01,70100,D30,234.16,0.00
J0000097,2024-04-04,US01,40100,D10,0.00,11295.87
J0000113,2024-04-04,US01,50200,D20,5143.15,0.00
J0002407,2024-04-05,MX01,40200,D10,0.00,37103.38
J0002421,2024-04-05,MX01,60200,D20,29168.51,0.00
J0002431,2024-04-05,MX01,70200,D30,0.00,1582.23
J0000869,2024-04-05,UK01,40100,D10,0.00,5594.35
J0000116,2024-04-05,US01,60100,D30,9927.91,0.00
J0001638,2024-04-06,CA01,40100,D10,0.00,12029.72
J0001647,2024-04-06,CA01,50100,D20,11061.01,0.00
J0001648,2024-04-06,CA01,50200,D20,4687.06,0.00
J0001661,2024-04-06,CA01,70100,D30,258.58,0.00
J0002413,2024-04-06,MX01,50100,D20,144448.55,0.00
J0002423,2024-04-06,MX01,60300,D10,10664.69,0.00
J0000105,2024-04-06,US01,40200,D10,0.00,3974.98
J0000111,2024-04-06,US01,50100,D20,19162.80,0.00
J0001653,2024-04-07,CA01,60200,D20,2700.83,0.00
J0001655,2024-04-07,CA01,60300,D10,706.37,0.00
J0002416,2024-04-07,MX01,50200,D20,54813.58,0.00
J0002430,2024-04-07,MX01,70100,D30,3596.62,0.00
J0000878,2024-04-07,UK01,50100,D20,5460.85,0.00
J0000104,2024-04-07,US01,40200,D10,0.00,6381.73
J0000119,2024-04-07,US01,60300,D10,1479.98,0.00
J0000121,2024-04-07,US01,60400,D40,1568.90,0.00
J0000124,2024-04-07,US01,60500,D50,1861.52,0.00
J0001660,2024-04-08,CA01,60500,D50,1447.63,0.00
J0002401,2024-04-08,MX01,40100,D10,0.00,158226.76
J0000866,2024-04-08,UK01,40100,D10,0.00,7041.92
J0000875,2024-04-08,UK01,40200,D10,177.66,0.00
J0000889,2024-04-08,UK01,60400,D40,906.46,0.00
J0000115,2024-04-08,US01,60100,D40,12493.73,0.00
J0001637,2024-04-09,CA01,40100,D10,0.00,9448.91
J0001645,2024-04-09,CA01,50100,D20,14339.22,0.00
J0001659,2024-04-09,CA01,60500,D50,1830.20,0.00
J0002410,2024-04-09,MX01,40200,D10,0.00,49742.44
J0002425,2024-04-09,MX01,60400,D40,16824.46,0.00
J0000886,2024-04-09,UK01,60200,D20,1277.97,0.00
J0000108,2024-04-09,US01,40200,D10,0.00,4914.57
J0002418,2024-04-10,MX01,50200,D20,59015.11,0.00
J0000881,2024-04-10,UK01,50200,D20,0.00,279.94
J0000868,2024-04-11,UK01,40100,D10,0.00,6067.45
J0000870,2024-04-11,UK01,40100,D10,0.00,4449.13
J0000877,2024-04-11,UK01,50100,D20,6475.10,0.00
J0002411,2024-04-12,MX01,40200,D10,0.00,55877.01
J0000110,2024-04-12,US01,50100,D20,16585.81,0.00
J0002403,2024-04-13,MX01,40100,D10,0.00,108544.86
J0001636,2024-04-14,CA01,40100,D10,0.00,9644.06
J0001663,2024-04-14,CA01,70200,D30,0.00,103.17
J0000879,2024-04-14,UK01,50100,D20,7504.86,0.00
J0000887,2024-04-14,UK01,60300,D10,386.38,0.00
J0000098,2024-04-14,US01,40100,D10,0.00,10397.27
J0000100,2024-04-14,US01,40100,D10,0.00,14906.49
J0000112,2024-04-14,US01,50200,D20,5549.52,0.00
J0000128,2024-04-14,US01,70200,D30,0.00,209.15
J0001652,2024-04-15,CA01,60100,D10,7446.04,0.00
J0000884,2024-04-15,UK01,60100,D40,4529.24,0.00
J0000118,2024-04-16,US01,60200,D20,3172.00,0.00
J0001643,2024-04-17,CA01,40200,D10,0.00,3985.05
J0002424,2024-04-17,MX01,60300,D10,10181.57,0.00
J0000103,2024-04-17,US01,40200,D10,0.00,5842.70
J0000114,2024-04-17,US01,50200,D20,5067.38,0.00
J0000122,2024-04-17,US01,60400,D40,2226.98,0.00
J0001646,2024-04-18,CA01,50100,D20,13353.85,0.00
J0002404,2024-04-18,MX01,40100,D10,0.00,121838.35
J0002419,2024-04-18,MX01,60100,D40,122079.05,0.00
J0000120,2024-04-18,US01,60300,D10,904.81,0.00
J0001642,2024-04-19,CA01,40200,D10,0.00,3809.89
J0001654,2024-04-19,CA01,60200,D20,2773.84,0.00
J0002429,2024-04-19,MX01,70100,D30,4479.18,0.00
J0002432,2024-04-19,MX01,70200,D30,0.00,2047.22
J0000896,2024-04-19,UK01,70200,D30,0.00,81.00
J0000106,2024-04-19,US01,40200,D10,0.00,5865.74
J0002409,2024-04-21,MX01,40200,D10,0.00,43613.20
J0002422,2024-04-21,MX01,60200,D20,31883.57,0.00
J0000892,2024-04-21,UK01,60500,D50,1091.56,0.00
J0000099,2024-04-21,US01,40100,D10,0.00,11891.41
J0001633,2024-04-22,CA01,40100,D10,0.00,9317.24
J0001657,2024-04-22,CA01,60400,D40,1658.63,0.00
J0002426,2024-04-22,MX01,60400,D40,17284.99,0.00
J0000872,2024-04-22,UK01,40200,D10,0.00,1705.40
J0001664,2024-04-23,CA01,70200,D30,0.00,117.22
J0000888,2024-04-23,UK01,60300,D10,528.32,0.00
J0000890,2024-04-23,UK01,60400,D40,741.56,0.00
J0001650,2024-04-24,CA01,50200,D20,4328.81,0.00
J0000874,2024-04-24,UK01,40200,D10,0.00,2032.90
J0001635,2024-04-25,CA01,40100,D10,0.00,9690.42
J0001641,2024-04-25,CA01,40200,D10,0.00,3455.05
J0002412,2024-04-26,MX01,40200,D10,0.00,52251.83
J0002415,2024-04-26,MX01,50100,D20,171762.46,0.00
J0002420,2024-04-26,MX01,60100,D40,85320.53,0.00
J0000871,2024-04-26,UK01,40200,D10,0.00,2009.85
J0000102,2024-04-26,US01,40100,D10,0.00,10332.75
J0001651,2024-04-27,CA01,60100,D50,6043.53,0.00
J0000880,2024-04-27,UK01,50200,D20,1851.57,0.00
J0000883,2024-04-27,UK01,60100,D40,4790.05,0.00
J0000107,2024-04-27,US01,40200,D10,0.00,5890.08
J0001649,2024-04-28,CA01,50200,D20,3865.15,0.00
J0001662,2024-04-28,CA01,70100,D30,317.21,0.00
J0002428,2024-04-28,MX01,60500,D50,19311.48,0.00
J0000882,2024-04-28,UK01,50200,D20,1868.53,0.00
J0000101,2024-04-28,US01,40100,D10,0.00,10532.18
J0000117,2024-04-28,US01,60200,D20,2586.07,0.00
J0001676,2024-05-01,CA01,40200,D10,0.00,4647.31
J0000902,2024-05-01,UK01,40100,D10,0.00,4335.99
J0000903,2024-05-01,UK01,40200,D10,0.00,2524.20
J0000927,2024-05-01,UK01,70200,D30,0.00,72.81
J0000907,2024-05-02,UK01,40200,D10,0.00,2385.75
J0000138,2024-05-02,US01,40200,D10,0.00,5648.13
J0001684,2024-05-03,CA01,60100,D10,8579.78,0.00
J0001687,2024-05-03,CA01,60300,D10,936.41,0.00
J0001691,2024-05-03,CA01,60500,D50,1335.95,0.00
J0002435,2024-05-03,MX01,40100,D10,0.00,112424.22
J0002448,2024-05-03,MX01,50200,D20,43206.93,0.00
J0002454,2024-05-03,MX01,60200,D20,31256.31,0.00
J0000152,2024-05-03,US01,60300,D10,936.79,0.00
J0001678,2024-05-04,CA01,50100,D20,8858.42,0.00
J0002433,2024-05-04,MX01,40100,D10,0.00,106152.79
J0002451,2024-05-04,MX01,60100,D40,119088.87,0.00
J0000159,2024-05-04,US01,70200,D30,0.00,205.37
J0001669,2024-05-05,CA01,40100,D10,0.00,10877.87
J0001689,2024-05-05,CA01,60400,D40,1351.87,0.00
J0000918,2024-05-05,UK01,60200,D20,1668.30,0.00
J0001686,2024-05-06,CA01,60200,D20,2676.55,0.00
J0002446,2024-05-06,MX01,50100,D20,138933.57,0.00
J0002447,2024-05-06,MX01,50100,D20,130538.12,0.00
J0000915,2024-05-06,UK01,60100,D10,4813.07,0.00
J0000926,2024-05-06,UK01,70100,D30,160.04,0.00
J0000146,2024-05-06,US01,50200,D20,4748.46,0.00
J0002452,2024-05-07,MX01,60100,D40,112131.38,0.00
J0000131,2024-05-07,US01,40100,D10,0.00,13566.85
J0001674,2024-05-08,CA01,40200,D10,0.00,4777.55
J0000910,2024-05-08,UK01,50100,D20,7732.51,0.00
J0001673,2024-05-09,CA01,40200,D10,0.00,4757.68
J0002450,2024-05-09,MX01,50200,D20,61556.10,0.00
J0000904,2024-05-09,UK01,40200,D10,0.00,2453.15
J0000908,2024-05-09,UK01,40200,D10,0.00,1869.04
J0000924,2024-05-09,UK01,60500,D50,940.16,0.00
J0000925,2024-05-09,UK01,70100,D30,209.20,0.00
J0000137,2024-05-09,US01,40200,D10,0.00,6412.35
J0000148,2024-05-09,US01,60100,D20,12951.30,0.00
J0000153,2024-05-09,US01,60400,D40,1618.36,0.00
J0000157,2024-05-09,US01,70100,D30,407.01,0.00
J0001696,2024-05-10,CA01,70200,D30,0.00,157.30
J0002437,2024-05-10,MX01,40100,D10,0.00,148116.90
J0002445,2024-05-10,MX01,50100,D20,144046.28,0.00
J0000914,2024-05-10,UK01,50200,D20,2727.84,0.00
J0000130,2024-05-10,US01,40100,D10,0.00,13627.68
J0002461,2024-05-11,MX01,70100,D30,4797.07,0.00
J0000897,2024-05-11,UK01,40100,D10,0.00,6974.18
J0000920,2024-05-11,UK01,60300,D10,424.59,0.00
J0001685,2024-05-12,CA01,60200,D20,1972.71,0.00
J0002442,2024-05-12,MX01,40200,D10,0.00,55162.99
J0000921,2024-05-12,UK01,60400,D40,662.46,0.00
J0000144,2024-05-12,US01,50200,D20,5798.69,0.00
J0001681,2024-05-13,CA01,50200,D20,4531.87,0.00
J0001688,2024-05-13,CA01,60300,D10,757.95,0.00
J0001694,2024-05-13,CA01,70100,D30,254.08,0.00
J0002439,2024-05-13,MX01,40200,D10,0.00,54228.54
J0002440,2024-05-13,MX01,40200,D10,0.00,42437.01
J0000900,2024-05-13,UK01,40100,D10,0.00,6394.91
J0000913,2024-05-14,UK01,50200,D20,2002.10,0.00
J0001677,2024-05-15,CA01,50100,D20,13186.39,0.00
J0001683,2024-05-15,CA01,60100,D50,7902.56,0.00
J0001693,2024-05-15,CA01,70100,D30,312.84,0.00
J0001671,2024-05-16,CA01,40200,D10,0.00,4060.29
J0001682,2024-05-16,CA01,50200,D20,3275.34,0.00
J0000898,2024-05-16,UK01,40100,D10,0.00,4939.09
J0000922,2024-05-16,UK01,60400,D40,614.57,0.00
J0000923,2024-05-16,UK01,60500,D50,709.22,0.00
J0000134,2024-05-16,US01,40100,D10,0.00,10500.92
J0000141,2024-05-16,US01,50100,D20,18466.23,0.00
J0000160,2024-05-16,US01,70200,D30,0.00,217.32
J0001690,2024-05-17,CA01,60400,D40,1543.03,0.00
J0002449,2024-05-17,MX01,50200,D20,55169.26,0.00
J0002459,2024-05-17,MX01,60500,D50,17104.94,0.00
J0000928,2024-05-17,UK01,70200,D30,0.00,73.51
J0001679,2024-05-18,CA01,50100,D20,14124.69,0.00
J0002458,2024-05-18,MX01,60400,D40,22187.82,0.00
J0000901,2024-05-18,UK01,40100,D10,0.00,5288.01
J0000911,2024-05-18,UK01,50100,D20,7653.92,0.00
J0000133,2024-05-18,US01,40100,D10,0.00,15519.30
J0000150,2024-05-18,US01,60200,D20,2712.95,0.00
J0000158,2024-05-18,US01,70100,D30,463.44,0.00
J0002444,2024-05-19,MX01,40200,D10,0.00,46967.10
J0000909,2024-05-19,UK01,50100,D20,6334.94,0.00
J0000916,2024-05-19,UK01,60100,D50,4850.00,0.00
J0000143,2024-05-19,US01,50100,D20,16153.43,0.00
J0000147,2024-05-19,US01,60100,D30,8727.51,0.00
J0001692,2024-05-20,CA01,60500,D50,1815.16,0.00
J0000919,2024-05-20,UK01,60300,D10,482.80,0.00
J0000135,2024-05-20,US01,40200,D10,0.00,4215.18
J0000139,2024-05-20,US01,40200,D10,0.00,4630.61
J0000142,2024-05-20,US01,50100,D20,17619.67,0.00
J0002438,2024-05-21,MX01,40100,D10,0.00,118868.27
J0002443,2024-05-21,MX01,40200,D10,0.00,56327.99
J0002455,2024-05-21,MX01,60300,D10,11941.34,0.00
J0002457,2024-05-21,MX01,60400,D40,22067.34,0.00
J0000145,2024-05-21,US01,50200,D20,4372.87,0.00
J0000154,2024-05-21,US01,60400,D40,1728.94,0.00
J0001665,2024-05-22,CA01,40100,D10,0.00,8967.78
J0001675,2024-05-22,CA01,40200,D10,0.00,3681.99
J0001680,2024-05-22,CA01,50200,D20,4922.99,0.00
J0002436,2024-05-22,MX01,40100,D10,0.00,153941.46
J0002456,2024-05-22,MX01,60300,D10,10654.85,0.00
J0000905,2024-05-22,UK01,40200,D10,0.00,2007.34
J0000132,2024-05-22,US01,40100,D10,0.00,15565.13
J0001667,2024-05-23,CA01,40100,D10,0.00,10097.24
J0002434,2024-05-23,MX01,40100,D10,0.00,152885.61
J0000136,2024-05-23,US01,40200,D10,0.00,5851.97
J0000140,2024-05-23,US01,40200,D10,0.00,6074.97
J0000156,2024-05-23,US01,60500,D50,2550.01,0.00
J0001670,2024-05-24,CA01,40100,D10,0.00,12275.56
J0002453,2024-05-24,MX01,60200,D20,27865.38,0.00
J0000899,2024-05-24,UK01,40100,D10,0.00,5571.10
J0000906,2024-05-24,UK01,40200,D10,0.00,2271.25
J0001666,2024-05-25,CA01,40100,D10,0.00,11240.57
J0001672,2024-05-25,CA01,40200,D10,0.00,4088.30
J0002460,2024-05-25,MX01,60500,D50,24319.53,0.00
J0002463,2024-05-25,MX01,70200,D30,0.00,1766.32
J0000129,2024-05-25,US01,40100,D10,0.00,14327.67
J0001695,2024-05-26,CA01,70200,D30,0.00,127.91
J0000151,2024-05-26,US01,60300,D10,958.71,0.00
J0001668,2024-05-27,CA01,40100,D10,0.00,11620.21
J0002441,2024-05-27,MX01,40200,D10,0.00,52543.19
J0002462,2024-05-27,MX01,70100,D30,5028.82,0.00
J0002464,2024-05-27,MX01,70200,D30,0.00,1457.52
J0000912,2024-05-27,UK01,50200,D20,2634.98,0.00
J0000149,2024-05-27,US01,60200,D20,3877.39,0.00
J0000917,2024-05-28,UK01,60200,D20,1256.91,0.00
J0000155,2024-05-28,US01,60500,D50,2541.07,0.00
J0001699,2024-06-01,CA01,40100,D10,0.00,10591.03
J0001704,2024-06-01,CA01,40200,D10,0.00,3142.00
J0000185,2024-06-01,US01,60400,D40,2389.16,0.00
J0001701,2024-06-02,CA01,40100,D10,0.00,7873.44
J0001707,2024-06-02,CA01,40200,D10,0.00,4086.79
J0001715,2024-06-02,CA01,60100,D20,7539.84,0.00
J0000165,2024-06-02,US01,40100,D10,0.00,15779.69
J0000188,2024-06-02,US01,60500,D50,1706.60,0.00
J0001722,2024-06-03,CA01,60400,D40,1260.31,0.00
J0002478,2024-06-03,MX01,50100,D20,139538.35,0.00
J0002483,2024-06-03,MX01,60100,D50,0.00,8524.20
J0000934,2024-06-03,UK01,40100,D10,0.00,6187.77
J0000953,2024-06-03,UK01,60400,D40,920.15,0.00
J0000161,2024-06-03,US01,40100,D10,0.00,14420.26
J0000168,2024-06-03,US01,40200,D10,0.00,4448.07
J0000170,2024-06-03,US01,40200,D10,0.00,4485.89
J0001703,2024-06-04,CA01,40200,D10,0.00,3999.64
J0000939,2024-06-04,UK01,40200,D10,0.00,1627.55
J0000941,2024-06-04,UK01,50100,D20,6597.71,0.00
J0000951,2024-06-04,UK01,60300,D10,439.86,0.00
J0000954,2024-06-04,UK01,60400,D40,667.48,0.00
J0000172,2024-06-04,US01,40200,D10,0.00,5040.52
J0001718,2024-06-05,CA01,60200,D20,2927.31,0.00
J0000166,2024-06-05,US01,40100,D10,0.00,12752.69
J0001712,2024-06-06,CA01,50200,D20,4483.99,0.00
J0000932,2024-06-06,UK01,40100,D10,0.00,4724.65
J0000936,2024-06-06,UK01,40200,D10,0.00,1631.96
J0000182,2024-06-06,US01,60200,D20,2674.18,0.00
J0002466,2024-06-07,MX01,40100,D10,0.00,109674.14
J0002480,2024-06-07,MX01,50200,D20,50499.47,0.00
J0002481,2024-06-07,MX01,50200,D20,44365.53,0.00
J0000931,2024-06-07,UK01,40100,D10,0.00,6169.15
J0000933,2024-06-07,UK01,40100,D10,0.00,6118.13
J0000957,2024-06-07,UK01,70100,D30,226.84,0.00
J0001717,2024-06-08,CA01,60200,D20,2328.21,0.00
J0002491,2024-06-08,MX01,60500,D50,24440.86,0.00
J0002494,2024-06-08,MX01,70100,D30,5012.41,0.00
J0000162,2024-06-08,US01,40100,D10,0.00,14044.45
J0000191,2024-06-08,US01,70200,D30,0.00,133.23
J0001721,2024-06-09,CA01,60400,D40,0.00,127.90
J0002484,2024-06-09,MX01,60100,D10,122820.01,0.00
J0000930,2024-06-09,UK01,40100,D10,0.00,6895.94
J0000935,2024-06-09,UK01,40200,D10,0.00,1914.93
J0000947,2024-06-09,UK01,60100,D30,5216.58,0.00
J0000167,2024-06-09,US01,40200,D10,0.00,5234.14
J0001708,2024-06-10,CA01,40200,D10,0.00,3070.25
J0001711,2024-06-10,CA01,50100,D20,10233.86,0.00
J0001700,2024-06-11,CA01,40100,D10,0.00,11881.70
J0001723,2024-06-11,CA01,60500,D50,1543.89,0.00
J0002465,2024-06-11,MX01,40100,D10,0.00,127107.72
J0002472,2024-06-11,MX01,40200,D10,0.00,46599.82
J0000945,2024-06-11,UK01,50200,D20,2685.74,0.00
J0000946,2024-06-11,UK01,50200,D20,2264.07,0.00
J0001725,2024-06-12,CA01,70100,D30,277.85,0.00
J0000944,2024-06-12,UK01,50200,D20,2368.76,0.00
J0000173,2024-06-12,US01,50100,D20,11925.83,0.00
J0000178,2024-06-12,US01,50200,D20,5049.06,0.00
J0000192,2024-06-12,US01,70200,D30,0.00,207.18
J0002468,2024-06-13,MX01,40100,D10,0.00,148484.50
J0002474,2024-06-13,MX01,40200,D10,0.00,37396.86
J0002495,2024-06-13,MX01,70200,D30,0.00,1475.26
J0001697,2024-06-14,CA01,40100,D10,0.00,8362.24
J0001726,2024-06-14,CA01,70100,D30,375.99,0.00
J0001728,2024-06-14,CA01,70200,D30,0.00,142.98
J0000180,2024-06-14,US01,60100,D30,11351.38,0.00
J0000186,2024-06-14,US01,60400,D40,2254.11,0.00
J0000187,2024-06-14,US01,60500,D50,2354.94,0.00
J0001705,2024-06-15,CA01,40200,D10,0.00,3900.28
J0000960,2024-06-15,UK01,70200,D30,0.00,85.25
J0000190,2024-06-15,US01,70100,D30,346.02,0.00
J0001710,2024-06-16,CA01,50100,D20,10714.86,0.00
J0001724,2024-06-16,CA01,60500,D50,1634.44,0.00
J0002492,2024-06-16,MX01,60500,D50,23001.76,0.00
J0000942,2024-06-16,UK01,50100,D20,6807.39,0.00
J0001716,2024-06-17,CA01,60100,D40,8330.78,0.00
J0002471,2024-06-17,MX01,40200,D10,0.00,49356.54
J0000938,2024-06-17,UK01,40200,D10,0.00,2505.68
J0000940,2024-06-17,UK01,40200,D10,0.00,2185.37
J0000959,2024-06-17,UK01,70200,D30,0.00,74.56
J0001698,2024-06-18,CA01,40100,D10,0.00,8589.39
J0001713,2024-06-18,CA01,50200,D20,4687.30,0.00
J0002470,2024-06-18,MX01,40100,D10,0.00,157037.13
J0000955,2024-06-18,UK01,60500,D50,1024.54,0.00
J0000184,2024-06-18,US01,60300,D10,940.35,0.00
J0001727,2024-06-19,CA01,70200,D30,0.00,114.82
J0002493,2024-06-19,MX01,70100,D30,3899.22,0.00
J0000169,2024-06-19,US01,40200,D10,0.00,4517.94
J0000179,2024-06-19,US01,60100,D30,13017.32,0.00
J0000189,2024-06-19,US01,70100,D30,466.77,0.00
J0002496,2024-06-20,MX01,70200,D30,0.00,1433.84
J0000937,2024-06-20,UK01,40200,D10,0.00,2587.71
J0000943,2024-06-20,UK01,50100,D20,7483.73,0.00
J0001714,2024-06-21,CA01,50200,D20,4750.71,0.00
J0002473,2024-06-21,MX01,40200,D10,4897.76,0.00
J0002477,2024-06-21,MX01,50100,D20,144043.98,0.00
J0000164,2024-06-21,US01,40100,D10,0.00,11110.35
J0001719,2024-06-22,CA01,60300,D10,1054.70,0.00
J0001720,2024-06-22,CA01,60300,D10,694.60,0.00
J0002489,2024-06-22,MX01,60400,D40,15903.03,0.00
J0000929,2024-06-22,UK01,40100,D10,0.00,5606.03
J0000175,2024-06-22,US01,50100,D20,18058.33,0.00
J0000183,2024-06-22,US01,60300,D10,0.00,100.42
J0002476,2024-06-23,MX01,40200,D10,0.00,43114.70
J0002485,2024-06-23,MX01,60200,D20,24650.25,0.00
J0002486,2024-06-23,MX01,60200,D20,25340.06,0.00
J0002490,2024-06-23,MX01,60400,D40,19972.10,0.00
J0000952,2024-06-23,UK01,60300,D10,533.43,0.00
J0000956,2024-06-23,UK01,60500,D50,1003.10,0.00
J0000958,2024-06-23,UK01,70100,D30,212.98,0.00
J0000174,2024-06-23,US01,50100,D20,19082.57,0.00
J0002475,2024-06-24,MX01,40200,D10,0.00,39340.63
J0002487,2024-06-24,MX01,60300,D10,13048.69,0.00
J0002488,2024-06-24,MX01,60300,D10,9212.35,0.00
J0001702,2024-06-25,CA01,40100,D10,807.02,0.00
J0002467,2024-06-25,MX01,40100,D10,0.00,151339.60
J0002469,2024-06-25,MX01,40100,D10,0.00,131603.10
J0002482,2024-06-25,MX01,50200,D20,53435.30,0.00
J0001706,2024-06-26,CA01,40200,D10,0.00,4313.00
J0001709,2024-06-26,CA01,50100,D20,0.00,1127.71
J0000176,2024-06-26,US01,50200,D20,6190.24,0.00
J0000177,2024-06-26,US01,50200,D20,4161.41,0.00
J0000181,2024-06-26,US01,60200,D20,3210.81,0.00
J0002479,2024-06-27,MX01,50100,D20,122525.05,0.00
J0000949,2024-06-27,UK01,60200,D20,1056.12,0.00
J0000950,2024-06-27,UK01,60200,D20,1555.90,0.00
J0000163,2024-06-27,US01,40100,D10,0.00,13325.70
J0000948,2024-06-28,UK01,60100,D20,3672.98,0.00
J0000171,2024-06-28,US01,40200,D10,0.00,4176.28
J0001745,2024-07-01,CA01,50200,D20,3145.13,0.00
J0000980,2024-07-02,UK01,60100,D20,5388.57,0.00
J0000984,2024-07-02,UK01,60300,D10,592.56,0.00
J0000200,2024-07-02,US01,40200,D10,0.00,5013.82
J0000212,2024-07-02,US01,60100,D10,8125.50,0.00
J0001746,2024-07-03,CA01,50200,D20,4153.49,0.00
J0001752,2024-07-03,CA01,60300,D10,766.88,0.00
J0002511,2024-07-03,MX01,50100,D20,0.00,15283.74
J0000211,2024-07-03,US01,60100,D40,12931.07,0.00
J0000213,2024-07-03,US01,60200,D20,2843.13,0.00
J0000214,2024-07-03,US01,60200,D20,3390.86,0.00
J0001753,2024-07-04,CA01,60400,D40,1546.53,0.00
J0002501,2024-07-04,MX01,40100,D10,0.00,149194.69
J0000224,2024-07-04,US01,70200,D30,0.00,150.61
J0000988,2024-07-05,UK01,60500,D50,1101.24,0.00
J0000210,2024-07-05,US01,50200,D20,4811.84,0.00
J0000218,2024-07-05,US01,60400,D40,0.00,171.35
J0000222,2024-07-05,US01,70100,D30,510.29,0.00
J0001730,2024-07-06,CA01,40100,D10,0.00,10707.78
J0000195,2024-07-06,US01,40100,D10,0.00,11964.99
J0001738,2024-07-07,CA01,40200,D10,0.00,4244.96
J0001740,2024-07-07,CA01,40200,D10,0.00,3540.43
J0000965,2024-07-07,UK01,40100,D10,0.00,5701.07
J0000966,2024-07-07,UK01,40100,D10,0.00,4692.98
J0000975,2024-07-07,UK01,50100,D20,6681.12,0.00
J0000982,2024-07-07,UK01,60200,D20,1142.25,0.00
J0000987,2024-07-07,UK01,60500,D50,800.07,0.00
J0001754,2024-07-08,CA01,60400,D40,1118.13,0.00
J0002508,2024-07-08,MX01,40200,D10,0.00,56813.96
J0002513,2024-07-08,MX01,50200,D20,46280.38,0.00
J0002524,2024-07-08,MX01,60500,D50,24558.98,0.00
J0000990,2024-07-08,UK01,70100,D30,176.38,0.00
J0002500,2024-07-09,MX01,40100,D10,0.00,149440.15
J0000986,2024-07-09,UK01,60400,D40,975.34,0.00
J0002497,2024-07-10,MX01,40100,D10,0.00,133574.83
J0002514,2024-07-10,MX01,50200,D20,60603.53,0.00
J0000974,2024-07-10,UK01,50100,D20,7120.54,0.00
J0000981,2024-07-10,UK01,60200,D20,1333.60,0.00
J0000963,2024-07-11,UK01,40100,D10,0.00,4662.56
J0000976,2024-07-11,UK01,50200,D20,2524.79,0.00
J0002505,2024-07-12,MX01,40200,D10,0.00,47816.26
J0002515,2024-07-12,MX01,60100,D30,82723.04,0.00
J0002527,2024-07-12,MX01,70200,D30,0.00,1786.26
J0000967,2024-07-12,UK01,40200,D10,0.00,2083.89
J0000194,2024-07-12,US01,40100,D10,0.00,16778.80
J0000202,2024-07-12,US01,40200,D10,0.00,4009.11
J0001729,2024-07-13,CA01,40100,D10,0.00,12206.31
J0001732,2024-07-13,CA01,40100,D10,0.00,9174.53
J0001734,2024-07-13,CA01,40100,D10,0.00,9696.30
J0001759,2024-07-13,CA01,70200,D30,0.00,152.05
J0000972,2024-07-13,UK01,40200,D10,0.00,1660.34
J0000973,2024-07-13,UK01,50100,D20,5700.21,0.00
J0000203,2024-07-13,US01,40200,D10,0.00,5683.21
J0002518,2024-07-14,MX01,60200,D20,35497.98,0.00
J0000977,2024-07-14,UK01,50200,D20,2508.30,0.00
J0001742,2024-07-15,CA01,50100,D20,12527.81,0.00
J0001755,2024-07-15,CA01,60500,D50,1277.68,0.00
J0001756,2024-07-15,CA01,60500,D50,1248.62,0.00
J0001758,2024-07-15,CA01,70100,D30,311.70,0.00
J0002506,2024-07-15,MX01,40200,D10,0.00,50255.63
J0002525,2024-07-15,MX01,70100,D30,4524.52,0.00
J0000215,2024-07-15,US01,60300,D10,1385.30,0.00
J0001747,2024-07-16,CA01,60100,D50,6986.39,0.00
J0001749,2024-07-16,CA01,60200,D20,2511.42,0.00
J0000978,2024-07-16,UK01,50200,D20,2167.76,0.00
J0000197,2024-07-16,US01,40100,D10,0.00,16945.77
J0000204,2024-07-16,US01,40200,D10,0.00,5964.63
J0002499,2024-07-17,MX01,40100,D10,0.00,123872.26
J0000985,2024-07-17,UK01,60400,D40,862.04,0.00
J0000217,2024-07-17,US01,60400,D40,1726.61,0.00
J0000223,2024-07-17,US01,70200,D30,0.00,210.20
J0001743,2024-07-18,CA01,50100,D20,11528.48,0.00
J0002503,2024-07-18,MX01,40200,D10,0.00,47968.57
J0002520,2024-07-18,MX01,60300,D10,12463.94,0.00
J0000979,2024-07-18,UK01,60100,D20,4566.39,0.00
J0000205,2024-07-18,US01,50100,D20,16103.17,0.00
J0000207,2024-07-18,US01,50100,D20,13052.43,0.00
J0000208,2024-07-18,US01,50200,D20,4372.85,0.00
J0000961,2024-07-19,UK01,40100,D10,0.00,6442.19
J0000968,2024-07-19,UK01,40200,D10,0.00,2273.17
J0000193,2024-07-19,US01,40100,D10,0.00,12884.03
J0000196,2024-07-19,US01,40100,D10,0.00,13567.95
J0001750,2024-07-20,CA01,60200,D20,2353.62,0.00
J0001760,2024-07-20,CA01,70200,D30,0.00,117.21
J0002519,2024-07-20,MX01,60300,D10,11446.54,0.00
J0000989,2024-07-20,UK01,70100,D30,153.73,0.00
J0000220,2024-07-20,US01,60500,D50,2251.15,0.00
J0001733,2024-07-21,CA01,40100,D10,0.00,8363.60
J0001748,2024-07-21,CA01,60100,D40,8193.61,0.00
J0001751,2024-07-21,CA01,60300,D10,974.16,0.00
J0002516,2024-07-21,MX01,60100,D20,77775.87,0.00
J0000969,2024-07-21,UK01,40200,D10,0.00,1711.15
J0000991,2024-07-21,UK01,70200,D30,8.90,0.00
J0000219,2024-07-21,US01,60500,D50,1974.08,0.00
J0001737,2024-07-22,CA01,40200,D10,0.00,3990.40
J0001744,2024-07-22,CA01,50200,D20,3508.64,0.00
J0001757,2024-07-22,CA01,70100,D30,353.29,0.00
J0002512,2024-07-22,MX01,50200,D20,42747.71,0.00
J0002528,2024-07-22,MX01,70200,D30,0.00,1937.77
J0000970,2024-07-22,UK01,40200,D10,0.00,1961.27
J0000209,2024-07-22,US01,50200,D20,4056.50,0.00
J0000216,2024-07-22,US01,60300,D10,963.03,0.00
J0001731,2024-07-23,CA01,40100,D10,0.00,8620.73
J0002502,2024-07-23,MX01,40100,D10,0.00,157587.82
J0002509,2024-07-23,MX01,50100,D20,122722.69,0.00
J0000206,2024-07-23,US01,50100,D20,0.00,1672.93
J0002498,2024-07-24,MX01,40100,D10,0.00,105939.85
J0002507,2024-07-24,MX01,40200,D10,0.00,46819.02
J0002522,2024-07-24,MX01,60400,D40,14650.88,0.00
J0000983,2024-07-24,UK01,60300,D10,425.24,0.00
J0001739,2024-07-25,CA01,40200,D10,0.00,3236.79
J0001741,2024-07-25,CA01,50100,D20,13098.38,0.00
J0000962,2024-07-25,UK01,40100,D10,704.31,0.00
J0000971,2024-07-25,UK01,40200,D10,0.00,1796.17
J0000964,2024-07-26,UK01,40100,D10,0.00,6119.16
J0000992,2024-07-26,UK01,70200,D30,0.00,69.03
J0000201,2024-07-26,US01,40200,D10,0.00,5038.14
J0000221,2024-07-26,US01,70100,D30,525.41,0.00
J0002510,2024-07-27,MX01,50100,D20,146826.27,0.00
J0002517,2024-07-27,MX01,60200,D20,24649.80,0.00
J0000198,2024-07-27,US01,40100,D10,0.00,14256.73
J0001735,2024-07-28,CA01,40200,D10,0.00,4262.06
J0001736,2024-07-28,CA01,40200,D10,0.00,3936.69
J0002504,2024-07-28,MX01,40200,D10,0.00,55561.99
J0002521,2024-07-28,MX01,60400,D40,15994.07,0.00
J0002523,2024-07-28,MX01,60500,D50,15438.47,0.00
J0002526,2024-07-28,MX01,70100,D30,4556.90,0.00
J0000199,2024-07-28,US01,40200,D10,0.00,5095.59
J0001792,2024-08-01,CA01,70200,D30,0.00,113.19
J0002533,2024-08-01,MX01,40100,D10,0.00,155713.70
J0002546,2024-08-01,MX01,50200,D20,55633.40,0.00
J0001782,2024-08-02,CA01,60200,D20,2899.48,0.00
J0002553,2024-08-02,MX01,60400,D40,0.00,2027.49
J0001011,2024-08-02,UK01,60100,D20,0.00,346.26
J0001019,2024-08-03,UK01,60500,D50,980.78,0.00
J0001766,2024-08-05,CA01,40100,D10,0.00,9082.49
J0001784,2024-08-05,CA01,60300,D10,1119.77,0.00
J0002532,2024-08-05,MX01,40100,D10,0.00,154462.94
J0001003,2024-08-05,UK01,40200,D10,0.00,2034.10
J0001010,2024-08-05,UK01,50200,D20,2670.52,0.00
J0001012,2024-08-05,UK01,60100,D30,5402.10,0.00
J0001014,2024-08-05,UK01,60200,D20,1332.00,0.00
J0000252,2024-08-05,US01,60500,D50,2124.51,0.00
J0002544,2024-08-06,MX01,50200,D20,57364.97,0.00
J0000241,2024-08-06,US01,50200,D20,5105.43,0.00
J0000254,2024-08-06,US01,70100,D30,0.00,35.50
J0002552,2024-08-07,MX01,60300,D10,9205.16,0.00
J0001006,2024-08-07,UK01,50100,D20,8051.46,0.00
J0001021,2024-08-07,UK01,70100,D30,206.69,0.00
J0001790,2024-08-08,CA01,70100,D30,0.00,38.31
J0002541,2024-08-08,MX01,50100,D20,117760.41,0.00
J0002551,2024-08-08,MX01,60300,D10,11551.93,0.00
J0002556,2024-08-08,MX01,60500,D50,22128.05,0.00
J0001015,2024-08-08,UK01,60300,D10,415.03,0.00
J0000237,2024-08-08,US01,50100,D20,18883.15,0.00
J0000253,2024-08-08,US01,70100,D30,346.35,0.00
J0000998,2024-08-09,UK01,40100,D10,0.00,6292.69
J0001022,2024-08-09,UK01,70100,D30,175.53,0.00
J0001775,2024-08-10,CA01,50100,D20,12912.10,0.00
J0001777,2024-08-10,CA01,50200,D20,3057.18,0.00
J0001783,2024-08-10,CA01,60300,D10,814.13,0.00
J0002554,2024-08-10,MX01,60400,D40,18380.76,0.00
J0002555,2024-08-10,MX01,60500,D50,23636.09,0.00
J0000233,2024-08-10,US01,40200,D10,0.00,4036.49
J0000240,2024-08-10,US01,50200,D20,4552.98,0.00
J0001763,2024-08-11,CA01,40100,D10,1207.48,0.00
J0001017,2024-08-11,UK01,60400,D40,808.31,0.00
J0000247,2024-08-11,US01,60300,D10,1453.75,0.00
J0002540,2024-08-12,MX01,40200,D10,0.00,51269.24
J0002543,2024-08-12,MX01,50100,D20,157397.92,0.00
J0000995,2024-08-12,UK01,40100,D10,0.00,5157.40
J0001020,2024-08-12,UK01,60500,D50,665.23,0.00
J0001023,2024-08-12,UK01,70200,D30,0.00,72.04
J0000226,2024-08-12,US01,40100,D10,0.00,13294.75
J0001762,2024-08-13,CA01,40100,D10,0.00,9125.57
J0002535,2024-08-13,MX01,40200,D10,0.00,61277.83
J0002550,2024-08-13,MX01,60200,D20,26859.09,0.00
J0001005,2024-08-13,UK01,50100,D20,8130.81,0.00
J0000243,2024-08-13,US01,60100,D20,10092.46,0.00
J0000245,2024-08-13,US01,60200,D20,2767.26,0.00
J0001764,2024-08-14,CA01,40100,D10,0.00,7964.17
J0001765,2024-08-14,CA01,40100,D10,0.00,8422.43
J0000239,2024-08-14,US01,50100,D20,14131.60,0.00
J0001785,2024-08-15,CA01,60400,D40,1180.56,0.00
J0001788,2024-08-15,CA01,60500,D50,1620.11,0.00
J0002530,2024-08-15,MX01,40100,D10,0.00,147635.56
J0001002,2024-08-15,UK01,40200,D10,0.00,2231.52
J0002548,2024-08-16,MX01,60100,D50,98313.01,0.00
J0002560,2024-08-16,MX01,70200,D30,0.00,1891.33
J0000994,2024-08-16,UK01,40100,D10,592.77,0.00
J0000235,2024-08-16,US01,40200,D10,0.00,3910.52
J0000246,2024-08-16,US01,60200,D20,3602.00,0.00
J0001770,2024-08-17,CA01,40200,D10,0.00,3745.18
J0001781,2024-08-17,CA01,60200,D20,1980.92,0.00
J0002549,2024-08-17,MX01,60200,D20,37312.64,0.00
J0000997,2024-08-17,UK01,40100,D10,0.00,6773.09
J0001018,2024-08-17,UK01,60400,D40,773.21,0.00
J0000225,2024-08-17,US01,40100,D10,0.00,11988.96
J0000231,2024-08-17,US01,40200,D10,0.00,5945.70
J0000244,2024-08-17,US01,60100,D20,11562.66,0.00
J0000248,2024-08-17,US01,60300,D10,1212.74,0.00
J0000251,2024-08-17,US01,60500,D50,1844.51,0.00
J0001771,2024-08-18,CA01,40200,D10,0.00,3568.20
J0001772,2024-08-18,CA01,40200,D10,0.00,3938.51
J0002545,2024-08-18,MX01,50200,D20,53197.60,0.00
J0001009,2024-08-18,UK01,50200,D20,2083.29,0.00
J0001024,2024-08-18,UK01,70200,D30,0.00,77.19
J0000250,2024-08-18,US01,60400,D40,1869.41,0.00
J0001768,2024-08-19,CA01,40200,D10,0.00,4026.68
J0001780,2024-08-19,CA01,60100,D30,6046.80,0.00
J0000230,2024-08-19,US01,40100,D10,0.00,16788.80
J0000232,2024-08-19,US01,40200,D10,0.00,5450.07
J0002547,2024-08-20,MX01,60100,D40,80506.52,0.00
J0000993,2024-08-20,UK01,40100,D10,0.00,5737.63
J0001016,2024-08-20,UK01,60300,D10,387.13,0.00
J0000227,2024-08-20,US01,40100,D10,0.00,14520.30
J0000249,2024-08-20,US01,60400,D40,1736.30,0.00
J0001767,2024-08-21,CA01,40200,D10,0.00,3660.80
J0001773,2024-08-22,CA01,50100,D20,13158.98,0.00
J0001774,2024-08-22,CA01,50100,D20,13249.95,0.00
J0001779,2024-08-22,CA01,60100,D20,9773.51,0.00
J0002536,2024-08-22,MX01,40200,D10,0.00,55492.35
J0001786,2024-08-23,CA01,60400,D40,1368.99,0.00
J0001008,2024-08-23,UK01,50200,D20,2672.29,0.00
J0000238,2024-08-23,US01,50100,D20,18770.28,0.00
J0000242,2024-08-23,US01,50200,D20,4780.06,0.00
J0000256,2024-08-23,US01,70200,D30,0.00,165.08
J0001787,2024-08-24,CA01,60500,D50,1698.98,0.00
J0002531,2024-08-24,MX01,40100,D10,0.00,122377.36
J0002537,2024-08-24,MX01,40200,D10,0.00,47746.68
J0002539,2024-08-24,MX01,40200,D10,0.00,53142.31
J0002558,2024-08-24,MX01,70100,D30,3463.98,0.00
J0001000,2024-08-24,UK01,40200,D10,0.00,2641.25
J0001001,2024-08-24,UK01,40200,D10,245.13,0.00
J0001789,2024-08-25,CA01,70100,D30,344.27,0.00
J0001791,2024-08-25,CA01,70200,D30,0.00,138.55
J0000996,2024-08-25,UK01,40100,D10,0.00,6870.72
J0000999,2024-08-25,UK01,40200,D10,0.00,2187.36
J0001013,2024-08-25,UK01,60200,D20,1392.38,0.00
J0000255,2024-08-25,US01,70200,D30,0.00,174.15
J0002534,2024-08-26,MX01,40100,D10,0.00,132806.58
J0002557,2024-08-26,MX01,70100,D30,4929.33,0.00
J0002559,2024-08-26,MX01,70200,D30,0.00,1828.54
J0000229,2024-08-26,US01,40100,D10,0.00,15734.51
J0000236,2024-08-26,US01,40200,D10,0.00,4704.60
J0001761,2024-08-27,CA01,40100,D10,0.00,7891.43
J0002529,2024-08-27,MX01,40100,D10,0.00,104098.15
J0000228,2024-08-27,US01,40100,D10,0.00,11620.87
J0000234,2024-08-27,US01,40200,D10,0.00,6161.78
J0001769,2024-08-28,CA01,40200,D10,0.00,3927.87
J0001776,2024-08-28,CA01,50200,D20,3223.72,0.00
J0001778,2024-08-28,CA01,50200,D20,3625.48,0.00
J0002538,2024-08-28,MX01,40200,D10,0.00,42802.88
J0002542,2024-08-28,MX01,50100,D20,184368.15,0.00
J0001004,2024-08-28,UK01,40200,D10,0.00,2089.07
J0001007,2024-08-28,UK01,50100,D20,5701.77,0.00
J0001813,2024-09-01,CA01,60200,D20,2927.39,0.00
J0002585,2024-09-01,MX01,60400,D40,22485.90,0.00
J0001800,2024-09-02,CA01,40200,D10,0.00,4234.72
J0001802,2024-09-02,CA01,40200,D10,0.00,3097.20
J0002576,2024-09-02,MX01,50200,D20,54718.49,0.00
J0000259,2024-09-02,US01,40100,D10,0.00,14734.57
J0001037,2024-09-03,UK01,50100,D20,5603.65,0.00
J0001040,2024-09-03,UK01,50200,D20,2787.37,0.00
J0001047,2024-09-03,UK01,60300,D10,450.34,0.00
J0000262,2024-09-03,US01,40100,D10,0.00,13645.06
J0000269,2024-09-03,US01,50100,D20,12421.48,0.00
J0001821,2024-09-04,CA01,70100,D30,357.37,0.00
J0002564,2024-09-04,MX01,40100,D10,0.00,128305.66
J0001044,2024-09-04,UK01,60100,D20,3978.66,0.00
J0001045,2024-09-04,UK01,60200,D20,1668.15,0.00
J0000278,2024-09-04,US01,60200,D20,0.00,402.82
J0001799,2024-09-05,CA01,40200,D10,0.00,3563.15
J0002566,2024-09-05,MX01,40100,D10,0.00,142802.31
J0002574,2024-09-05,MX01,50100,D20,176715.65,0.00
J0001026,2024-09-05,UK01,40100,D10,0.00,4669.12
J0002583,2024-09-06,MX01,60300,D10,10705.60,0.00
J0001051,2024-09-06,UK01,60500,D50,677.84,0.00
J0001796,2024-09-07,CA01,40100,D10,0.00,10721.57
J0001807,2024-09-07,CA01,50100,D20,12741.11,0.00
J0002561,2024-09-07,MX01,40100,D10,0.00,116731.90
J0002572,2024-09-07,MX01,40200,D10,0.00,48930.16
J0001029,2024-09-07,UK01,40100,D10,0.00,6007.18
J0001050,2024-09-07,UK01,60400,D40,0.00,96.43
J0000276,2024-09-07,US01,60100,D20,11119.82,0.00
J0001816,2024-09-08,CA01,60300,D10,1096.85,0.00
J0001032,2024-09-08,UK01,40200,D10,0.00,1735.61
J0000257,2024-09-08,US01,40100,D10,0.00,12389.05
J0000261,2024-09-08,US01,40100,D10,0.00,10867.65
J0000267,2024-09-08,US01,40200,D10,0.00,4107.80
J0001804,2024-09-09,CA01,40200,D10,0.00,4687.40
J0002577,2024-09-09,MX01,50200,D20,51684.97,0.00
J0002586,2024-09-09,MX01,60400,D40,19774.87,0.00
J0001031,2024-09-09,UK01,40200,D10,0.00,1984.37
J0001036,2024-09-09,UK01,40200,D10,0.00,1915.58
J0001824,2024-09-10,CA01,70200,D30,0.00,114.43
J0002588,2024-09-10,MX01,60500,D50,22246.08,0.00
J0000260,2024-09-10,US01,40100,D10,0.00,17043.98
J0000284,2024-09-10,US01,60500,D50,2015.10,0.00
J0001814,2024-09-11,CA01,60200,D20,3010.22,0.00
J0002571,2024-09-11,MX01,40200,D10,0.00,39024.58
J0002579,2024-09-11,MX01,60100,D50,92029.52,0.00
J0001038,2024-09-11,UK01,50100,D20,7256.83,0.00
J0000274,2024-09-11,US01,50200,D20,5841.29,0.00
J0000283,2024-09-11,US01,60500,D50,2202.04,0.00
J0001803,2024-09-12,CA01,40200,D10,0.00,3290.24
J0001805,2024-09-12,CA01,50100,D20,11059.79,0.00
J0001817,2024-09-12,CA01,60400,D40,1645.44,0.00
J0002567,2024-09-12,MX01,40200,D10,0.00,41062.85
J0000263,2024-09-12,US01,40200,D10,502.99,0.00
J0000286,2024-09-12,US01,70100,D30,412.01,0.00
J0001797,2024-09-13,CA01,40100,D10,0.00,11569.30
J0001801,2024-09-13,CA01,40200,D10,0.00,3301.68
J0001806,2024-09-13,CA01,50100,D20,10733.35,0.00
J0001819,2024-09-13,CA01,60500,D50,0.00,162.60
J0002575,2024-09-13,MX01,50100,D20,138613.37,0.00
J0002591,2024-09-13,MX01,70200,D30,0.00,1912.63
J0001043,2024-09-13,UK01,60100,D40,4779.42,0.00
J0001048,2024-09-13,UK01,60300,D10,611.06,0.00
J0000277,2024-09-13,US01,60200,D20,2758.47,0.00
J0001795,2024-09-14,CA01,40100,D10,0.00,12656.25
J0002578,2024-09-14,MX01,50200,D20,58876.39,0.00
J0002590,2024-09-14,MX01,70100,D30,4263.40,0.00
J0001041,2024-09-14,UK01,50200,D20,2004.79,0.00
J0000265,2024-09-14,US01,40200,D10,480.68,0.00
J0000271,2024-09-14,US01,50100,D20,17968.67,0.00
J0000282,2024-09-14,US01,60400,D40,1517.59,0.00
J0002570,2024-09-15,MX01,40200,D10,0.00,48477.58
J0002589,2024-09-15,MX01,70100,D30,3893.21,0.00
J0001053,2024-09-15,UK01,70100,D30,195.39,0.00
J0000266,2024-09-15,US01,40200,D10,0.00,5193.50
J0001811,2024-09-16,CA01,60100,D10,8654.12,0.00
J0002582,2024-09-16,MX01,60200,D20,38009.43,0.00
J0002592,2024-09-16,MX01,70200,D30,0.00,1888.03
J0001027,2024-09-16,UK01,40100,D10,0.00,6045.18
J0001820,2024-09-17,CA01,60500,D50,1792.26,0.00
J0001823,2024-09-17,CA01,70200,D30,0.00,111.40
J0001808,2024-09-18,CA01,50200,D20,3430.16,0.00
J0001809,2024-09-18,CA01,50200,D20,3009.64,0.00
J0002563,2024-09-18,MX01,40100,D10,0.00,122798.46
J0001035,2024-09-18,UK01,40200,D10,0.00,1991.33
J0000273,2024-09-18,US01,50200,D20,5050.86,0.00
J0001810,2024-09-19,CA01,50200,D20,3653.58,0.00
J0001815,2024-09-19,CA01,60300,D10,1076.06,0.00
J0001818,2024-09-19,CA01,60400,D40,1669.17,0.00
J0002562,2024-09-19,MX01,40100,D10,0.00,153796.36
J0002573,2024-09-19,MX01,50100,D20,118441.90,0.00
J0001046,2024-09-19,UK01,60200,D20,1363.50,0.00
J0000268,2024-09-19,US01,40200,D10,0.00,5498.62
J0000288,2024-09-19,US01,70200,D30,0.00,195.01
J0001033,2024-09-20,UK01,40200,D10,0.00,1954.34
J0000264,2024-09-20,US01,40200,D10,0.00,5205.00
J0002587,2024-09-21,MX01,60500,D50,16704.22,0.00
J0001034,2024-09-21,UK01,40200,D10,0.00,1802.39
J0001042,2024-09-21,UK01,50200,D20,2397.26,0.00
J0001049,2024-09-21,UK01,60400,D40,721.78,0.00
J0001794,2024-09-22,CA01,40100,D10,0.00,8743.11
J0001822,2024-09-22,CA01,70100,D30,412.87,0.00
J0002569,2024-09-22,MX01,40200,D10,0.00,54807.53
J0001039,2024-09-22,UK01,50100,D20,6991.90,0.00
J0001056,2024-09-22,UK01,70200,D30,0.00,72.24
J0000272,2024-09-22,US01,50200,D20,6529.74,0.00
J0001793,2024-09-23,CA01,40100,D10,0.00,7829.62
J0001030,2024-09-23,UK01,40100,D10,0.00,6077.85
J0001052,2024-09-23,UK01,60500,D50,663.93,0.00
J0000270,2024-09-23,US01,50100,D20,11813.21,0.00
J0000275,2024-09-23,US01,60100,D20,12244.92,0.00
J0000285,2024-09-23,US01,70100,D30,405.10,0.00
J0002580,2024-09-24,MX01,60100,D50,95330.16,0.00
J0001054,2024-09-24,UK01,70100,D30,196.63,0.00
J0000258,2024-09-24,US01,40100,D10,0.00,10827.69
J0000279,2024-09-24,US01,60300,D10,1401.97,0.00
J0001812,2024-09-25,CA01,60100,D50,8836.10,0.00
J0002565,2024-09-25,MX01,40100,D10,0.00,134365.60
J0000287,2024-09-25,US01,70200,D30,0.00,208.50
J0002581,2024-09-26,MX01,60200,D20,28200.90,0.00
J0002584,2024-09-26,MX01,60300,D10,12241.77,0.00
J0000280,2024-09-26,US01,60300,D10,1078.01,0.00
J0001025,2024-09-27,UK01,40100,D10,0.00,5648.50
J0001055,2024-09-27,UK01,70200,D30,0.00,74.04
J0000281,2024-09-27,US01,60400,D40,2092.53,0.00
J0001798,2024-09-28,CA01,40100,D10,0.00,11534.05
J0002568,2024-09-28,MX01,40200,D10,0.00,51510.83
J0001028,2024-09-28,UK01,40100,D10,0.00,5805.96
J0002598,2024-10-01,MX01,40100,D10,0.00,123891.85
J0002604,2024-10-01,MX01,40200,D10,0.00,53276.43
J0002605,2024-10-01,MX01,50100,D20,187506.66,0.00
J0002622,2024-10-01,MX01,70100,D30,4518.49,0.00
J0001087,2024-10-01,UK01,70200,D30,0.00,85.30
J0001088,2024-10-01,UK01,70200,D30,0.00,71.04
J0000290,2024-10-01,US01,40100,D10,0.00,16469.99
J0000296,2024-10-01,US01,40200,D10,0.00,5179.20
J0000300,2024-10-01,US01,40200,D10,0.00,4733.60
J0001825,2024-10-02,CA01,40100,D10,0.00,10956.26
J0001827,2024-10-02,CA01,40100,D10,0.00,9608.30
J0002603,2024-10-02,MX01,40200,D10,0.00,50549.40
J0002618,2024-10-02,MX01,60400,D40,22770.70,0.00
J0000289,2024-10-02,US01,40100,D10,0.00,11670.75
J0000310,2024-10-02,US01,60200,D20,3685.54,0.00
J0000314,2024-10-02,US01,60400,D40,2163.44,0.00
J0001838,2024-10-03,CA01,50100,D20,15584.09,0.00
J0002612,2024-10-03,MX01,60100,D40,89869.85,0.00
J0002613,2024-10-03,MX01,60200,D20,35858.55,0.00
J0002614,2024-10-03,MX01,60200,D20,36885.10,0.00
J0002619,2024-10-03,MX01,60500,D50,22735.25,0.00
J0001063,2024-10-03,UK01,40200,D10,0.00,2263.91
J0000293,2024-10-03,US01,40100,D10,0.00,16328.62
J0000297,2024-10-03,US01,40200,D10,0.00,6976.43
J0000318,2024-10-03,US01,70100,D30,503.59,0.00
J0000319,2024-10-03,US01,70200,D30,0.00,181.65
J0001854,2024-10-04,CA01,70100,D30,292.95,0.00
J0002608,2024-10-04,MX01,50200,D20,57900.01,0.00
J0001070,2024-10-04,UK01,50100,D20,7231.22,0.00
J0001074,2024-10-04,UK01,50200,D20,2854.59,0.00
J0000315,2024-10-04,US01,60500,D50,1901.42,0.00
J0001831,2024-10-05,CA01,40200,D10,0.00,3540.48
J0001836,2024-10-05,CA01,40200,D10,0.00,5230.16
J0002621,2024-10-05,MX01,70100,D30,4778.71,0.00
J0002623,2024-10-05,MX01,70200,D30,0.00,1906.95
J0001059,2024-10-05,UK01,40100,D10,0.00,6642.24
J0001061,2024-10-05,UK01,40100,D10,0.00,4849.22
J0001066,2024-10-05,UK01,40200,D10,0.00,1863.25
J0001075,2024-10-05,UK01,60100,D20,0.00,396.81
J0000292,2024-10-05,US01,40100,D10,0.00,18171.63
J0000294,2024-10-05,US01,40100,D10,0.00,12436.57
J0000295,2024-10-05,US01,40200,D10,0.00,4926.83
J0002611,2024-10-06,MX01,60100,D10,93874.74,0.00
J0000302,2024-10-07,US01,50100,D20,20100.17,0.00
J0000309,2024-10-07,US01,60200,D20,3536.24,0.00
J0001832,2024-10-08,CA01,40200,D10,0.00,4260.89
J0001840,2024-10-08,CA01,50200,D20,3469.13,0.00
J0001068,2024-10-08,UK01,40200,D10,230.29,0.00
J0001073,2024-10-08,UK01,50200,D20,2316.61,0.00
J0001843,2024-10-09,CA01,60100,D30,6009.59,0.00
J0001852,2024-10-09,CA01,60500,D50,1750.51,0.00
J0002606,2024-10-09,MX01,50100,D20,147610.11,0.00
J0001060,2024-10-09,UK01,40100,D10,0.00,5650.03
J0001071,2024-10-09,UK01,50100,D20,6579.44,0.00
J0002601,2024-10-10,MX01,40200,D10,0.00,50005.71
J0001828,2024-10-11,CA01,40100,D10,0.00,11472.22
J0002596,2024-10-11,MX01,40100,D10,0.00,161548.08
J0002600,2024-10-11,MX01,40200,D10,0.00,66841.68
J0001062,2024-10-11,UK01,40100,D10,0.00,7715.57
J0001065,2024-10-11,UK01,40200,D10,0.00,2573.08
J0001848,2024-10-12,CA01,60300,D10,680.81,0.00
J0002609,2024-10-12,MX01,50200,D20,51154.63,0.00
J0000308,2024-10-12,US01,60100,D20,8335.57,0.00
J0001081,2024-10-13,UK01,60400,D40,647.05,0.00
J0001841,2024-10-14,CA01,50200,D20,4953.69,0.00
J0001849,2024-10-14,CA01,60400,D40,1504.90,0.00
J0002593,2024-10-14,MX01,40100,D10,0.00,145620.97
J0002610,2024-10-14,MX01,50200,D20,66572.20,0.00
J0001086,2024-10-14,UK01,70100,D30,186.87,0.00
J0001833,2024-10-15,CA01,40200,D10,0.00,4134.26
J0001834,2024-10-15,CA01,40200,D10,0.00,3598.13
J0001844,2024-10-15,CA01,60100,D10,7846.99,0.00
J0001845,2024-10-15,CA01,60200,D20,2098.67,0.00
J0002597,2024-10-15,MX01,40100,D10,0.00,139262.65
J0001064,2024-10-15,UK01,40200,D10,0.00,2015.57
J0001079,2024-10-16,UK01,60300,D10,445.12,0.00
J0002602,2024-10-17,MX01,40200,D10,5937.06,0.00
J0002616,2024-10-17,MX01,60300,D10,11597.17,0.00
J0000312,2024-10-17,US01,60300,D10,1190.12,0.00
J0000317,2024-10-17,US01,70100,D30,523.31,0.00
J0001072,2024-10-18,UK01,50200,D20,2200.12,0.00
J0000291,2024-10-18,US01,40100,D10,0.00,15488.07
J0000301,2024-10-18,US01,50100,D20,20115.41,0.00
J0001850,2024-10-19,CA01,60400,D40,1385.30,0.00
J0002595,2024-10-19,MX01,40100,D10,0.00,171422.70
J0002599,2024-10-19,MX01,40200,D10,0.00,43084.18
J0001083,2024-10-19,UK01,60500,D50,980.13,0.00
J0000303,2024-10-19,US01,50100,D20,0.00,1646.51
J0001835,2024-10-20,CA01,40200,D10,0.00,3809.43
J0001851,2024-10-20,CA01,60500,D50,1644.33,0.00
J0002594,2024-10-20,MX01,40100,D10,0.00,143612.51
J0002617,2024-10-20,MX01,60400,D40,18365.83,0.00
J0001069,2024-10-20,UK01,50100,D20,7497.87,0.00
J0000307,2024-10-20,US01,60100,D10,10078.19,0.00
J0001067,2024-10-21,UK01,40200,D10,0.00,2504.14
J0001076,2024-10-21,UK01,60100,D30,4496.50,0.00
J0001077,2024-10-21,UK01,60200,D20,1148.05,0.00
J0001080,2024-10-21,UK01,60300,D10,539.81,0.00
J0001084,2024-10-21,UK01,60500,D50,809.67,0.00
J0000299,2024-10-21,US01,40200,D10,0.00,5625.60
J0001057,2024-10-22,UK01,40100,D10,560.70,0.00
J0000320,2024-10-22,US01,70200,D30,0.00,184.95
J0002620,2024-10-23,MX01,60500,D50,20626.40,0.00
J0000305,2024-10-23,US01,50200,D20,6023.14,0.00
J0000313,2024-10-23,US01,60400,D40,1859.25,0.00
J0000316,2024-10-23,US01,60500,D50,2136.24,0.00
J0001826,2024-10-24,CA01,40100,D10,0.00,10657.54
J0001839,2024-10-24,CA01,50100,D20,9877.12,0.00
J0001847,2024-10-24,CA01,60300,D10,848.40,0.00
J0002615,2024-10-24,MX01,60300,D10,9053.93,0.00
J0000311,2024-10-24,US01,60300,D10,1045.68,0.00
J0002624,2024-10-25,MX01,70200,D30,0.00,1361.70
J0000298,2024-10-25,US01,40200,D10,0.00,5829.64
J0001830,2024-10-26,CA01,40100,D10,0.00,11861.72
J0001846,2024-10-26,CA01,60200,D20,1895.97,0.00
J0001085,2024-10-26,UK01,70100,D30,166.49,0.00
J0000306,2024-10-26,US01,50200,D20,6315.57,0.00
J0001837,2024-10-27,CA01,50100,D20,15910.64,0.00
J0001842,2024-10-27,CA01,50200,D20,3660.68,0.00
J0001856,2024-10-27,CA01,70200,D30,0.00,136.12
J0002607,2024-10-27,MX01,50100,D20,165538.45,0.00
J0001082,2024-10-27,UK01,60400,D40,862.15,0.00
J0000304,2024-10-27,US01,50200,D20,4544.22,0.00
J0001829,2024-10-28,CA01,40100,D10,0.00,11536.65
J0001853,2024-10-28,CA01,70100,D30,283.61,0.00
J0001855,2024-10-28,CA01,70200,D30,0.00,138.68
J0001058,2024-10-28,UK01,40100,D10,0.00,5826.05
J0001078,2024-10-28,UK01,60200,D20,1295.33,0.00
J0001866,2024-11-01,CA01,40200,D10,0.00,3898.95
J0001871,2024-11-01,CA01,50100,D20,9828.79,0.00
J0002634,2024-11-01,MX01,40200,D10,0.00,48232.18
J0001096,2024-11-01,UK01,40200,D10,0.00,2890.42
J0002646,2024-11-02,MX01,60200,D20,31110.22,0.00
J0002656,2024-11-02,MX01,70200,D30,178.19,0.00
J0001110,2024-11-02,UK01,60200,D20,1134.66,0.00
J0001111,2024-11-02,UK01,60300,D10,411.44,0.00
J0001113,2024-11-02,UK01,60400,D40,779.78,0.00
J0000341,2024-11-02,US01,60200,D20,2702.23,0.00
J0001862,2024-11-03,CA01,40100,D10,0.00,10325.76
J0001875,2024-11-03,CA01,60100,D20,8086.76,0.00
J0001092,2024-11-03,UK01,40100,D10,0.00,6328.30
J0000328,2024-11-03,US01,40200,D10,0.00,5123.15
J0001873,2024-11-04,CA01,50200,D20,3865.48,0.00
J0001877,2024-11-04,CA01,60200,D20,2522.05,0.00
J0001879,2024-11-04,CA01,60300,D10,965.21,0.00
J0002637,2024-11-04,MX01,50100,D20,201130.70,0.00
J0000327,2024-11-04,US01,40200,D10,0.00,6837.41
J0001864,2024-11-05,CA01,40200,D10,0.00,3868.08
J0001883,2024-11-05,CA01,60500,D50,1958.27,0.00
J0002645,2024-11-05,MX01,60200,D20,28529.89,0.00
J0000326,2024-11-05,US01,40100,D10,0.00,11385.44
J0000330,2024-11-05,US01,40200,D10,0.00,5371.47
J0000342,2024-11-05,US01,60200,D20,3444.44,0.00
J0001868,2024-11-06,CA01,40200,D10,0.00,5162.67
J0002640,2024-11-06,MX01,50200,D20,53485.59,0.00
J0001097,2024-11-06,UK01,40200,D10,0.00,2776.57
J0001100,2024-11-06,UK01,40200,D10,0.00,2236.66
J0001117,2024-11-06,UK01,70100,D30,214.64,0.00
J0000329,2024-11-06,US01,40200,D10,0.00,4575.00
J0000349,2024-11-06,US01,70100,D30,474.62,0.00
J0002629,2024-11-07,MX01,40100,D10,0.00,176953.03
J0002630,2024-11-07,MX01,40100,D10,0.00,157386.59
J0001090,2024-11-07,UK01,40100,D10,0.00,4808.22
J0001112,2024-11-07,UK01,60300,D10,497.17,0.00
J0000321,2024-11-07,US01,40100,D10,0.00,14589.50
J0000325,2024-11-07,US01,40100,D10,0.00,16978.10
J0000346,2024-11-07,US01,60400,D40,0.00,203.29
J0002651,2024-11-08,MX01,60500,D50,17194.43,0.00
J0002652,2024-11-08,MX01,60500,D50,15041.05,0.00
J0000336,2024-11-08,US01,50200,D20,5910.85,0.00
J0001102,2024-11-09,UK01,50100,D20,7965.24,0.00
J0000323,2024-11-09,US01,40100,D10,0.00,15240.49
J0000344,2024-11-09,US01,60300,D10,1139.50,0.00
J0000348,2024-11-09,US01,60500,D50,2222.77,0.00
J0001093,2024-11-10,UK01,40100,D10,0.00,5622.09
J0001106,2024-11-10,UK01,50200,D20,2020.96,0.00
J0001116,2024-11-10,UK01,60500,D50,973.94,0.00
J0001884,2024-11-11,CA01,60500,D50,1492.40,0.00
J0001105,2024-11-11,UK01,50200,D20,2992.55,0.00
J0001109,2024-11-11,UK01,60200,D20,0.00,130.52
J0001857,2024-11-12,CA01,40100,D10,0.00,10933.12
J0001860,2024-11-12,CA01,40100,D10,0.00,9157.91
J0002636,2024-11-12,MX01,40200,D10,0.00,65208.31
J0002639,2024-11-12,MX01,50100,D20,135460.98,0.00
J0002647,2024-11-12,MX01,60300,D10,10564.46,0.00
J0002655,2024-11-12,MX01,70200,D30,0.00,1356.26
J0001115,2024-11-12,UK01,60500,D50,979.31,0.00
J0000350,2024-11-12,US01,70100,D30,371.37,0.00
J0001867,2024-11-13,CA01,40200,D10,0.00,3254.53
J0001869,2024-11-13,CA01,50100,D20,16059.78,0.00
J0001870,2024-11-13,CA01,50100,D20,12024.58,0.00
J0001874,2024-11-13,CA01,50200,D20,4025.94,0.00
J0002641,2024-11-13,MX01,50200,D20,68823.09,0.00
J0000324,2024-11-13,US01,40100,D10,0.00,12328.10
J0001858,2024-11-14,CA01,40100,D10,0.00,11544.40
J0001886,2024-11-14,CA01,70100,D30,269.92,0.00
J0002625,2024-11-14,MX01,40100,D10,0.00,118198.12
J0002643,2024-11-14,MX01,60100,D30,92494.35,0.00
J0001089,2024-11-14,UK01,40100,D10,0.00,5761.03
J0001098,2024-11-14,UK01,40200,D10,0.00,2178.82
J0001103,2024-11-14,UK01,50100,D20,6877.23,0.00
J0000322,2024-11-14,US01,40100,D10,0.00,15950.28
J0000335,2024-11-14,US01,50100,D20,17016.14,0.00
J0000351,2024-11-14,US01,70200,D30,0.00,173.84
J0001878,2024-11-15,CA01,60200,D20,2881.52,0.00
J0002627,2024-11-15,MX01,40100,D10,0.00,150912.47
J0001888,2024-11-16,CA01,70200,D30,0.00,128.29
J0002631,2024-11-16,MX01,40200,D10,0.00,59626.84
J0002644,2024-11-16,MX01,60100,D10,77841.14,0.00
J0002648,2024-11-16,MX01,60300,D10,11896.47,0.00
J0002649,2024-11-16,MX01,60400,D40,15474.74,0.00
J0001104,2024-11-16,UK01,50200,D20,2538.80,0.00
J0000352,2024-11-16,US01,70200,D30,0.00,207.89
J0000331,2024-11-17,US01,40200,D10,0.00,6362.02
J0000345,2024-11-17,US01,60400,D40,1693.00,0.00
J0001885,2024-11-18,CA01,70100,D30,0.00,31.74
J0002626,2024-11-18,MX01,40100,D10,0.00,150925.52
J0002642,2024-11-18,MX01,50200,D20,62945.51,0.00
J0000333,2024-11-18,US01,50100,D20,15898.77,0.00
J0001865,2024-11-19,CA01,40200,D10,0.00,3464.94
J0002633,2024-11-19,MX01,40200,D10,0.00,60921.79
J0002654,2024-11-19,MX01,70100,D30,4896.67,0.00
J0001099,2024-11-19,UK01,40200,D10,0.00,1929.45
J0000338,2024-11-19,US01,50200,D20,6496.98,0.00
J0001876,2024-11-20,CA01,60100,D40,8339.33,0.00
J0002635,2024-11-20,MX01,40200,D10,0.00,40990.59
J0001861,2024-11-21,CA01,40100,D10,0.00,11231.58
J0002632,2024-11-21,MX01,40200,D10,0.00,49637.88
J0001114,2024-11-21,UK01,60400,D40,795.64,0.00
J0000334,2024-11-21,US01,50100,D20,17420.60,0.00
J0000340,2024-11-21,US01,60100,D10,11288.91,0.00
J0001881,2024-11-22,CA01,60400,D40,1336.10,0.00
J0001107,2024-11-22,UK01,60100,D40,4033.65,0.00
J0001118,2024-11-22,UK01,70100,D30,216.65,0.00
J0001880,2024-11-23,CA01,60300,D10,741.38,0.00
J0001108,2024-11-23,UK01,60100,D10,4335.35,0.00
J0001120,2024-11-23,UK01,70200,D30,0.00,59.77
J0000347,2024-11-23,US01,60500,D50,2490.96,0.00
J0001859,2024-11-24,CA01,40100,D10,0.00,10808.00
J0002650,2024-11-24,MX01,60400,D40,20150.59,0.00
J0001094,2024-11-24,UK01,40100,D10,0.00,4945.58
J0000339,2024-11-24,US01,60100,D50,13094.08,0.00
J0000343,2024-11-24,US01,60300,D10,925.06,0.00
J0002628,2024-11-25,MX01,40100,D10,0.00,157632.35
J0001863,2024-11-26,CA01,40200,D10,367.11,0.00
J0001887,2024-11-26,CA01,70200,D30,0.00,127.53
J0002638,2024-11-26,MX01,50100,D20,151391.16,0.00
J0002653,2024-11-26,MX01,70100,D30,5029.58,0.00
J0001091,2024-11-26,UK01,40100,D10,0.00,5453.36
J0001095,2024-11-26,UK01,40200,D10,0.00,2679.86
J0001882,2024-11-27,CA01,60400,D40,1609.44,0.00
J0001101,2024-11-27,UK01,50100,D20,8458.99,0.00
J0000332,2024-11-27,US01,40200,D10,0.00,5880.80
J0001872,2024-11-28,CA01,50200,D20,5035.61,0.00
J0001119,2024-11-28,UK01,70200,D30,0.00,83.85
J0000337,2024-11-28,US01,50200,D20,6756.53,0.00
J0001901,2024-12-01,CA01,50100,D20,13644.07,0.00
J0001145,2024-12-01,UK01,60400,D40,733.13,0.00
J0000383,2024-12-01,US01,70200,D30,0.00,187.66
J0000384,2024-12-01,US01,70200,D30,0.00,206.35
J0002665,2024-12-02,MX01,40200,D10,0.00,67313.32
J0001124,2024-12-02,UK01,40100,D10,0.00,6784.31
J0001137,2024-12-02,UK01,50200,D20,2591.10,0.00
J0001891,2024-12-03,CA01,40100,D10,0.00,13063.66
J0002688,2024-12-03,MX01,70200,D30,0.00,1675.52
J0001129,2024-12-03,UK01,40200,D10,0.00,2381.71
J0001896,2024-12-04,CA01,40200,D10,0.00,3975.67
J0001919,2024-12-04,CA01,70200,D30,0.00,152.87
J0002669,2024-12-04,MX01,50100,D20,198784.98,0.00
J0001122,2024-12-04,UK01,40100,D10,0.00,6853.22
J0001125,2024-12-04,UK01,40100,D10,0.00,5210.25
J0001143,2024-12-04,UK01,60300,D10,503.85,0.00
J0001144,2024-12-04,UK01,60300,D10,0.00,40.66
J0000380,2024-12-04,US01,60500,D50,1790.61,0.00
J0001906,2024-12-05,CA01,50200,D20,3625.72,0.00
J0002661,2024-12-05,MX01,40100,D10,0.00,162438.99
J0001912,2024-12-06,CA01,60300,D10,794.87,0.00
J0002657,2024-12-06,MX01,40100,D10,0.00,159957.28
J0000365,2024-12-06,US01,50100,D20,18021.45,0.00
J0001892,2024-12-07,CA01,40100,D10,0.00,12251.51
J0001899,2024-12-07,CA01,40200,D10,0.00,4642.71
J0001135,2024-12-07,UK01,50100,D20,7052.81,0.00
J0001139,2024-12-07,UK01,60100,D50,5007.72,0.00
J0000357,2024-12-07,US01,40100,D10,0.00,17224.60
J0000366,2024-12-07,US01,50100,D20,19290.22,0.00
J0000369,2024-12-07,US01,50200,D20,6015.25,0.00
J0000374,2024-12-07,US01,60200,D20,3516.86,0.00
J0000378,2024-12-07,US01,60400,D40,1974.69,0.00
J0000379,2024-12-07,US01,60500,D50,2134.31,0.00
J0001914,2024-12-08,CA01,60400,D40,1352.17,0.00
J0001123,2024-12-08,UK01,40100,D10,0.00,5672.07
J0000356,2024-12-08,US01,40100,D10,0.00,17963.24
J0002664,2024-12-09,MX01,40200,D10,0.00,50595.62
J0002674,2024-12-09,MX01,50200,D20,59810.83,0.00
J0001134,2024-12-09,UK01,50100,D20,7415.30,0.00
J0001138,2024-12-09,UK01,50200,D20,2604.42,0.00
J0001150,2024-12-09,UK01,70100,D30,166.62,0.00
J0001894,2024-12-10,CA01,40100,D10,0.00,10333.43
J0002676,2024-12-10,MX01,60100,D30,86845.68,0.00
J0001133,2024-12-10,UK01,50100,D20,8560.96,0.00
J0001152,2024-12-10,UK01,70200,D30,0.00,82.21
J0000355,2024-12-10,US01,40100,D10,0.00,16636.20
J0000367,2024-12-10,US01,50100,D20,14485.52,0.00
J0001904,2024-12-11,CA01,50200,D20,4077.36,0.00
J0001905,2024-12-11,CA01,50200,D20,5230.45,0.00
J0001917,2024-12-11,CA01,70100,D30,307.33,0.00
J0002659,2024-12-11,MX01,40100,D10,0.00,166129.45
J0002663,2024-12-11,MX01,40200,D10,0.00,54035.03
J0000377,2024-12-11,US01,60400,D40,2039.13,0.00
J0002673,2024-12-12,MX01,50200,D20,59918.06,0.00
J0000358,2024-12-12,US01,40100,D10,0.00,14158.81
J0000363,2024-12-12,US01,40200,D10,0.00,4327.44
J0002668,2024-12-13,MX01,40200,D10,0.00,58592.76
J0002677,2024-12-13,MX01,60200,D20,36941.44,0.00
J0001149,2024-12-13,UK01,70100,D30,230.87,0.00
J0000370,2024-12-13,US01,50200,D20,5078.81,0.00
J0001913,2024-12-14,CA01,60400,D40,1712.41,0.00
J0002683,2024-12-14,MX01,60500,D50,22350.70,0.00
J0001897,2024-12-15,CA01,40200,D10,0.00,3891.06
J0002670,2024-12-15,MX01,50100,D20,166309.57,0.00
J0002684,2024-12-15,MX01,60500,D50,21119.40,0.00
J0002686,2024-12-15,MX01,70100,D30,4577.01,0.00
J0001146,2024-12-15,UK01,60400,D40,0.00,90.02
J0001903,2024-12-16,CA01,50100,D20,10857.72,0.00
J0001907,2024-12-16,CA01,60100,D30,7033.58,0.00
J0002667,2024-12-16,MX01,40200,D10,0.00,59682.77
J0002671,2024-12-16,MX01,50100,D20,143275.89,0.00
J0002687,2024-12-16,MX01,70200,D30,0.00,2036.39
J0001889,2024-12-17,CA01,40100,D10,0.00,9574.12
J0001130,2024-12-17,UK01,40200,D10,0.00,1866.76
J0001148,2024-12-17,UK01,60500,D50,692.39,0.00
J0001895,2024-12-18,CA01,40200,D10,0.00,3548.58
J0001915,2024-12-18,CA01,60500,D50,0.00,145.24
J0002680,2024-12-18,MX01,60300,D10,8901.85,0.00
J0002681,2024-12-18,MX01,60400,D40,20421.16,0.00
J0000361,2024-12-18,US01,40200,D10,0.00,6233.68
J0002662,2024-12-19,MX01,40100,D10,0.00,151891.31
J0002685,2024-12-19,MX01,70100,D30,3793.26,0.00
J0001147,2024-12-19,UK01,60500,D50,997.82,0.00
J0000359,2024-12-19,US01,40200,D10,0.00,5423.85
J0000360,2024-12-19,US01,40200,D10,0.00,4616.74
J0001893,2024-12-20,CA01,40100,D10,0.00,9614.81
J0002675,2024-12-20,MX01,60100,D40,114529.70,0.00
J0001121,2024-12-20,UK01,40100,D10,0.00,5043.63
J0001140,2024-12-20,UK01,60100,D10,3815.02,0.00
J0001141,2024-12-20,UK01,60200,D20,1480.26,0.00
J0001151,2024-12-20,UK01,70200,D30,0.00,55.53
J0000353,2024-12-20,US01,40100,D10,0.00,12979.93
J0001916,2024-12-21,CA01,60500,D50,1660.28,0.00
J0001131,2024-12-21,UK01,40200,D10,0.00,2137.24
J0001142,2024-12-21,UK01,60200,D20,1573.12,0.00
J0002658,2024-12-22,MX01,40100,D10,0.00,178296.98
J0002666,2024-12-22,MX01,40200,D10,0.00,60171.62
J0002682,2024-12-22,MX01,60400,D40,17249.15,0.00
J0000354,2024-12-22,US01,40100,D10,0.00,15047.24
J0000376,2024-12-22,US01,60300,D10,0.00,128.33
J0001918,2024-12-23,CA01,70100,D30,299.80,0.00
J0001132,2024-12-23,UK01,40200,D10,0.00,2332.65
J0001136,2024-12-23,UK01,50200,D20,2593.02,0.00
J0001898,2024-12-24,CA01,40200,D10,0.00,4569.90
J0001908,2024-12-24,CA01,60100,D10,6471.38,0.00
J0001911,2024-12-24,CA01,60300,D10,895.53,0.00
J0001920,2024-12-24,CA01,70200,D30,0.00,129.30
J0002660,2024-12-24,MX01,40100,D10,0.00,151723.63
J0002678,2024-12-24,MX01,60200,D20,29416.41,0.00
J0000362,2024-12-24,US01,40200,D10,0.00,6599.15
J0000364,2024-12-24,US01,40200,D10,0.00,5749.10
J0000368,2024-12-24,US01,50200,D20,0.00,505.38
J0000371,2024-12-24,US01,60100,D10,0.00,1226.22
J0000372,2024-12-24,US01,60100,D50,11483.67,0.00
J0000375,2024-12-24,US01,60300,D10,1334.79,0.00
J0000381,2024-12-24,US01,70100,D30,468.82,0.00
J0001890,2024-12-25,CA01,40100,D10,0.00,10717.02
J0001902,2024-12-25,CA01,50100,D20,15073.77,0.00
J0001910,2024-12-25,CA01,60200,D20,2233.67,0.00
J0001909,2024-12-26,CA01,60200,D20,2050.84,0.00
J0001126,2024-12-26,UK01,40100,D10,0.00,5479.59
J0001127,2024-12-26,UK01,40200,D10,0.00,2893.34
J0001128,2024-12-26,UK01,40200,D10,0.00,2900.59
J0001900,2024-12-27,CA01,40200,D10,0.00,3738.73
J0000373,2024-12-27,US01,60200,D20,2669.76,0.00
J0000382,2024-12-27,US01,70100,D30,419.52,0.00
J0002672,2024-12-28,MX01,50200,D20,63796.29,0.00
J0002679,2024-12-28,MX01,60300,D10,10741.21,0.00
