YearMonth,Currency,RateToUSD
2024-01,USD,1.0
2024-01,GBP,1.2538
2024-01,CAD,0.7381
2024-01,MXN,0.05682
2024-02,USD,1.0
2024-02,GBP,1.2342
2024-02,CAD,0.7312
2024-02,MXN,0.05835
2024-03,USD,1.0
2024-03,GBP,1.2726
2024-03,CAD,0.7353
2024-03,MXN,0.05533
2024-04,USD,1.0
2024-04,GBP,1.2765
2024-04,CAD,0.7218
2024-04,MXN,0.05479
2024-05,USD,1.0
2024-05,GBP,1.2619
2024-05,CAD,0.728
2024-05,MXN,0.05715
2024-06,USD,1.0
2024-06,GBP,1.2766
2024-06,CAD,0.716
2024-06,MXN,0.0571
2024-07,USD,1.0
2024-07,GBP,1.2881
2024-07,CAD,0.7211
2024-07,MXN,0.05673
2024-08,USD,1.0
2024-08,GBP,1.2376
2024-08,CAD,0.7232
2024-08,MXN,0.05543
2024-09,USD,1.0
2024-09,GBP,1.2621
2024-09,CAD,0.7545
2024-09,MXN,0.05738
2024-10,USD,1.0
2024-10,GBP,1.2478
2024-10,CAD,0.7475
2024-10,MXN,0.05464
2024-11,USD,1.0
2024-11,GBP,1.2921
2024-11,CAD,0.7133
2024-11,MXN,0.05746
2024-12,USD,1.0
2024-12,GBP,1.2423
2024-12,CAD,0.7572
2024-12,MXN,0.05722
2025-01,USD,1.0
2025-01,GBP,1.227
2025-01,CAD,0.7305
2025-01,MXN,0.0554
2025-02,USD,1.0
2025-02,GBP,1.2873
2025-02,CAD,0.7547
2025-02,MXN,0.05655
2025-03,USD,1.0
2025-03,GBP,1.2656
2025-03,CAD,0.7245
2025-03,MXN,0.05742
2025-04,USD,1.0
2025-04,GBP,1.2546
2025-04,CAD,0.7495
2025-04,MXN,0.0547
2025-05,USD,1.0
2025-05,GBP,1.2634
2025-05,CAD,0.7179
2025-05,MXN,0.05574
2025-06,USD,1.0
2025-06,GBP,1.2703
2025-06,CAD,0.7263
2025-06,MXN,0.05793
2025-07,USD,1.0
2025-07,GBP,1.2603
2025-07,CAD,0.7362
2025-07,MXN,0.05762
2025-08,USD,1.0
2025-08,GBP,1.2858
2025-08,CAD,0.7191
2025-08,MXN,0.05609
2025-09,USD,1.0
2025-09,GBP,1.2264
2025-09,CAD,0.7147
2025-09,MXN,0.05755
2025-10,USD,1.0
2025-10,GBP,1.3006
2025-10,CAD,0.7489
2025-10,MXN,0.05571
2025-11,USD,1.0
2025-11,GBP,1.2983
2025-11,CAD,0.7127
2025-11,MXN,0.05571
2025-12,USD,1.0
2025-12,GBP,1.2632
2025-12,CAD,0.7183
2025-12,MXN,0.05483
