race,year,quarter,period,men_median_weekly,women_median_weekly,women_pct_of_men
All Races,2010,1,2010-Q1,844.0,665.0,78.8
All Races,2010,2,2010-Q2,810.0,672.0,83.0
All Races,2010,3,2010-Q3,813.0,662.0,81.4
All Races,2010,4,2010-Q4,830.0,679.0,81.8
All Races,2011,1,2011-Q1,829.0,683.0,82.4
All Races,2011,2,2011-Q2,825.0,689.0,83.5
All Races,2011,3,2011-Q3,827.0,673.0,81.4
All Races,2011,4,2011-Q4,843.0,688.0,81.6
All Races,2012,1,2012-Q1,848.0,697.0,82.2
All Races,2012,2,2012-Q2,865.0,689.0,79.7
All Races,2012,3,2012-Q3,828.0,685.0,82.7
All Races,2012,4,2012-Q4,875.0,692.0,79.1
All Races,2013,1,2013-Q1,867.0,704.0,81.2
All Races,2013,2,2013-Q2,860.0,707.0,82.2
All Races,2013,3,2013-Q3,847.0,698.0,82.4
All Races,2013,4,2013-Q4,869.0,713.0,82.0
All Races,2014,1,2014-Q1,872.0,722.0,82.8
All Races,2014,2,2014-Q2,857.0,716.0,83.5
All Races,2014,3,2014-Q3,870.0,715.0,82.2
All Races,2014,4,2014-Q4,882.0,724.0,82.1
All Races,2015,1,2015-Q1,895.0,730.0,81.6
All Races,2015,2,2015-Q2,886.0,726.0,81.9
All Races,2015,3,2015-Q3,889.0,721.0,81.1
All Races,2015,4,2015-Q4,907.0,729.0,80.4
All Races,2016,1,2016-Q1,912.0,750.0,82.2
All Races,2016,2,2016-Q2,909.0,744.0,81.8
All Races,2016,3,2016-Q3,911.0,745.0,81.8
All Races,2016,4,2016-Q4,927.0,758.0,81.8
All Races,2017,1,2017-Q1,950.0,765.0,80.5
All Races,2017,2,2017-Q2,934.0,780.0,83.5
All Races,2017,3,2017-Q3,937.0,767.0,81.9
All Races,2017,4,2017-Q4,946.0,769.0,81.3
All Races,2018,1,2018-Q1,965.0,783.0,81.1
All Races,2018,2,2018-Q2,959.0,780.0,81.3
All Races,2018,3,2018-Q3,973.0,796.0,81.8
All Races,2018,4,2018-Q4,993.0,794.0,80.0
All Races,2019,1,2019-Q1,1004.0,806.0,80.3
All Races,2019,2,2019-Q2,1000.0,814.0,81.4
All Races,2019,3,2019-Q3,1002.0,825.0,82.3
All Races,2019,4,2019-Q4,1022.0,843.0,82.5
All Races,2020,1,2020-Q1,1066.0,857.0,80.4
All Races,2020,2,2020-Q2,1087.0,913.0,84.0
All Races,2020,3,2020-Q3,1104.0,902.0,81.7
All Races,2020,4,2020-Q4,1072.0,894.0,83.4
Asian,2010,1,2010-Q1,940.0,767.0,81.6
Asian,2010,2,2010-Q2,901.0,854.0,94.8
Asian,2010,3,2010-Q3,963.0,773.0,80.3
Asian,2010,4,2010-Q4,947.0,719.0,75.9
Asian,2011,1,2011-Q1,948.0,762.0,80.4
Asian,2011,2,2011-Q2,972.0,748.0,77.0
Asian,2011,3,2011-Q3,1015.0,712.0,70.1
Asian,2011,4,2011-Q4,960.0,771.0,80.3
Asian,2012,1,2012-Q1,1027.0,830.0,80.8
Asian,2012,2,2012-Q2,1092.0,771.0,70.6
Asian,2012,3,2012-Q3,1043.0,762.0,73.1
Asian,2012,4,2012-Q4,1051.0,752.0,71.6
Asian,2013,1,2013-Q1,1058.0,831.0,78.5
Asian,2013,2,2013-Q2,1117.0,861.0,77.1
Asian,2013,3,2013-Q3,1027.0,795.0,77.4
Asian,2013,4,2013-Q4,1019.0,792.0,77.7
Asian,2014,1,2014-Q1,1045.0,876.0,83.8
Asian,2014,2,2014-Q2,1139.0,855.0,75.1
Asian,2014,3,2014-Q3,1087.0,795.0,73.1
Asian,2014,4,2014-Q4,1067.0,826.0,77.4
Asian,2015,1,2015-Q1,1090.0,869.0,79.7
Asian,2015,2,2015-Q2,1085.0,836.0,77.1
Asian,2015,3,2015-Q3,1133.0,818.0,72.2
Asian,2015,4,2015-Q4,1178.0,943.0,80.1
Asian,2016,1,2016-Q1,1159.0,933.0,80.5
Asian,2016,2,2016-Q2,1147.0,907.0,79.1
Asian,2016,3,2016-Q3,1154.0,865.0,75.0
Asian,2016,4,2016-Q4,1147.0,908.0,79.2
Asian,2017,1,2017-Q1,1205.0,892.0,74.0
Asian,2017,2,2017-Q2,1254.0,931.0,74.2
Asian,2017,3,2017-Q3,1147.0,902.0,78.6
Asian,2017,4,2017-Q4,1237.0,894.0,72.3
Asian,2018,1,2018-Q1,1199.0,941.0,78.5
Asian,2018,2,2018-Q2,1245.0,918.0,73.7
Asian,2018,3,2018-Q3,1252.0,965.0,77.1
Asian,2018,4,2018-Q4,1256.0,937.0,74.6
Asian,2019,1,2019-Q1,1299.0,1017.0,78.3
Asian,2019,2,2019-Q2,1331.0,965.0,72.5
Asian,2019,3,2019-Q3,1360.0,1138.0,83.7
Asian,2019,4,2019-Q4,1335.0,1008.0,75.5
Asian,2020,1,2020-Q1,1360.0,1106.0,81.3
Asian,2020,2,2020-Q2,1479.0,1141.0,77.1
Asian,2020,3,2020-Q3,1542.0,1224.0,79.4
Asian,2020,4,2020-Q4,1457.0,1091.0,74.9
Black or African American,2010,1,2010-Q1,635.0,584.0,92.0
Black or African American,2010,2,2010-Q2,632.0,585.0,92.6
Black or African American,2010,3,2010-Q3,634.0,590.0,93.1
Black or African American,2010,4,2010-Q4,629.0,605.0,96.2
Black or African American,2011,1,2011-Q1,621.0,590.0,95.0
Black or African American,2011,2,2011-Q2,673.0,592.0,88.0
Black or African American,2011,3,2011-Q3,661.0,596.0,90.2
Black or African American,2011,4,2011-Q4,660.0,601.0,91.1
Black or African American,2012,1,2012-Q1,677.0,602.0,88.9
Black or African American,2012,2,2012-Q2,668.0,616.0,92.2
Black or African American,2012,3,2012-Q3,633.0,590.0,93.2
Black or African American,2012,4,2012-Q4,680.0,594.0,87.4
Black or African American,2013,1,2013-Q1,666.0,597.0,89.6
Black or African American,2013,2,2013-Q2,666.0,610.0,91.6
Black or African American,2013,3,2013-Q3,682.0,594.0,87.1
Black or African American,2013,4,2013-Q4,646.0,621.0,96.1
Black or African American,2014,1,2014-Q1,708.0,606.0,85.6
Black or African American,2014,2,2014-Q2,667.0,631.0,94.6
Black or African American,2014,3,2014-Q3,679.0,608.0,89.5
Black or African American,2014,4,2014-Q4,667.0,602.0,90.3
Black or African American,2015,1,2015-Q1,694.0,614.0,88.5
Black or African American,2015,2,2015-Q2,696.0,615.0,88.4
Black or African American,2015,3,2015-Q3,652.0,608.0,93.3
Black or African American,2015,4,2015-Q4,674.0,621.0,92.1
Black or African American,2016,1,2016-Q1,732.0,625.0,85.4
Black or African American,2016,2,2016-Q2,704.0,646.0,91.8
Black or African American,2016,3,2016-Q3,732.0,639.0,87.3
Black or African American,2016,4,2016-Q4,706.0,650.0,92.1
Black or African American,2017,1,2017-Q1,722.0,645.0,89.3
Black or African American,2017,2,2017-Q2,702.0,676.0,96.3
Black or African American,2017,3,2017-Q3,744.0,658.0,88.4
Black or African American,2017,4,2017-Q4,681.0,654.0,96.0
Black or African American,2018,1,2018-Q1,723.0,671.0,92.8
Black or African American,2018,2,2018-Q2,720.0,644.0,89.4
Black or African American,2018,3,2018-Q3,726.0,631.0,86.9
Black or African American,2018,4,2018-Q4,773.0,665.0,86.0
Black or African American,2019,1,2019-Q1,772.0,709.0,91.8
Black or African American,2019,2,2019-Q2,761.0,691.0,90.8
Black or African American,2019,3,2019-Q3,768.0,683.0,88.9
Black or African American,2019,4,2019-Q4,778.0,738.0,94.9
Black or African American,2020,1,2020-Q1,823.0,742.0,90.2
Black or African American,2020,2,2020-Q2,828.0,779.0,94.1
Black or African American,2020,3,2020-Q3,869.0,768.0,88.4
Black or African American,2020,4,2020-Q4,810.0,775.0,95.7
White,2010,1,2010-Q1,869.0,678.0,78.0
White,2010,2,2010-Q2,838.0,682.0,81.4
White,2010,3,2010-Q3,839.0,677.0,80.7
White,2010,4,2010-Q4,857.0,695.0,81.1
White,2011,1,2011-Q1,856.0,699.0,81.7
White,2011,2,2011-Q2,850.0,705.0,82.9
White,2011,3,2011-Q3,847.0,699.0,82.5
White,2011,4,2011-Q4,871.0,709.0,81.4
White,2012,1,2012-Q1,874.0,713.0,81.6
White,2012,2,2012-Q2,891.0,701.0,78.7
White,2012,3,2012-Q3,854.0,712.0,83.4
White,2012,4,2012-Q4,895.0,712.0,79.6
White,2013,1,2013-Q1,888.0,723.0,81.4
White,2013,2,2013-Q2,885.0,718.0,81.1
White,2013,3,2013-Q3,868.0,719.0,82.8
White,2013,4,2013-Q4,896.0,728.0,81.2
White,2014,1,2014-Q1,898.0,740.0,82.4
White,2014,2,2014-Q2,884.0,725.0,82.0
White,2014,3,2014-Q3,896.0,733.0,81.8
White,2014,4,2014-Q4,907.0,738.0,81.4
White,2015,1,2015-Q1,918.0,746.0,81.3
White,2015,2,2015-Q2,914.0,742.0,81.2
White,2015,3,2015-Q3,919.0,740.0,80.5
White,2015,4,2015-Q4,931.0,745.0,80.0
White,2016,1,2016-Q1,936.0,767.0,81.9
White,2016,2,2016-Q2,941.0,759.0,80.7
White,2016,3,2016-Q3,932.0,760.0,81.5
White,2016,4,2016-Q4,959.0,778.0,81.1
White,2017,1,2017-Q1,977.0,790.0,80.9
White,2017,2,2017-Q2,961.0,808.0,84.1
White,2017,3,2017-Q3,965.0,791.0,82.0
White,2017,4,2017-Q4,982.0,791.0,80.5
White,2018,1,2018-Q1,997.0,810.0,81.2
White,2018,2,2018-Q2,985.0,815.0,82.7
White,2018,3,2018-Q3,1004.0,825.0,82.2
White,2018,4,2018-Q4,1024.0,816.0,79.7
White,2019,1,2019-Q1,1033.0,826.0,80.0
White,2019,2,2019-Q2,1026.0,835.0,81.4
White,2019,3,2019-Q3,1025.0,843.0,82.2
White,2019,4,2019-Q4,1058.0,859.0,81.2
White,2020,1,2020-Q1,1096.0,873.0,79.7
White,2020,2,2020-Q2,1115.0,929.0,83.3
White,2020,3,2020-Q3,1122.0,910.0,81.1
White,2020,4,2020-Q4,1108.0,912.0,82.3
